entG,Class
11.30218656,1
11.24231018,1
11.22801316,1
11.26080628,1
11.09426447,1
11.13452169,1
11.16883585,1
11.09626519,1
11.16261192,1
11.2229644,1
11.22861121,1
11.22452136,1
11.27925304,1
11.12765039,1
11.38499488,1
11.27651029,1
10.98503147,1
11.08803375,1
11.18504361,1
11.18792326,1
11.28905474,1
11.34147032,1
11.3654717,1
11.20095805,1
11.41709858,1
11.36535575,1
11.36247366,1
11.31946781,1
11.46920662,1
11.29541209,1
11.30757943,1
11.43691585,1
11.41890932,1
11.24934323,1
11.22177496,1
11.17264023,1
11.3648047,1
11.23096275,1
11.22163693,1
11.25196926,1
11.3209289,1
11.29045106,1
11.34051261,1
11.27994675,1
11.37789756,1
11.27794243,1
11.35448714,1
11.15952265,1
11.31323184,1
11.26805028,1
11.10420158,1
11.17996111,1
11.06074148,1
11.09243356,1
11.24581354,1
11.32790722,1
11.31109383,1
11.16545791,1
11.25515899,1
11.10163632,1
11.1720755,1
11.19694152,1
11.15802668,1
11.13571101,1
11.02681503,1
11.05611303,1
11.20083444,1
11.22776489,1
11.11886371,1
11.38716921,1
11.28099405,1
11.14174776,1
11.13838371,1
11.28508068,1
11.21253744,1
11.18736003,1
11.1429279,1
11.22190162,1
11.22781748,1
11.17794413,1
11.22961902,1
11.18932901,1
11.18214613,1
11.19581041,1
11.26259101,1
11.2019274,1
11.23532997,1
11.20577203,1
11.13492066,1
11.15602601,1
11.08119004,1
11.05152845,1
11.1452684,1
11.07670117,1
11.06787312,1
11.20666946,1
11.18891018,1
11.26571732,1
11.15717429,1
11.1654864,1
11.1077278,1
11.23895883,1
11.15807188,1
11.21792044,1
11.1564963,1
11.4155532,1
11.23624099,1
11.30363419,1
11.1771216,1
11.30252211,1
11.36696328,1
11.2562318,1
11.24054745,1
11.29198223,1
11.27092513,1
11.22017413,1
11.29694462,1
11.29610177,1
11.22589245,1
11.21026444,1
11.20470737,1
11.32016296,1
11.23725213,1
10.99737329,1
11.11043985,1
11.14612644,1
11.19664457,1
11.14938128,1
11.35408276,1
11.02490213,1
11.1728412,1
11.22004819,1
11.23962446,1
11.17039109,1
11.10731623,1
11.2132241,1
11.19493575,1
11.27095222,1
11.23950824,1
11.21231762,1
11.10890878,1
11.13568007,1
11.23928176,1
11.37281046,1
11.07807392,1
11.15129539,1
11.22904803,1
11.1287948,1
11.33845463,1
11.12180959,1
11.32686158,1
11.21667902,1
11.3302046,1
11.11142491,1
11.14524815,1
11.16307385,1
11.27364093,1
11.21860051,1
11.224938,1
11.19663472,1
11.33781596,1
11.36653259,1
11.38741001,1
11.38802842,1
11.29981572,1
11.23479851,1
11.28214758,1
11.14924433,1
11.29621821,1
11.35230977,1
11.24346667,1
11.23056034,1
11.36226977,1
11.37953518,1
11.31467485,1
11.20753848,1
11.26276103,1
11.2125469,1
11.2319602,1
11.17617063,1
11.14717146,1
11.20577656,1
11.20831988,1
11.19277955,1
11.29129358,1
11.2426673,1
11.36705816,1
11.36558424,1
11.31515492,1
11.16916309,1
11.2219882,1
11.16111677,1
11.22064945,1
11.19808839,1
11.20482966,1
11.2715374,1
11.24484879,1
11.20692523,1
11.24403495,1
11.35452342,1
11.2910399,1
11.22822382,1
11.16236473,1
11.12395097,1
11.18641878,1
11.15547173,1
11.2295919,1
11.32378804,1
11.2464979,1
11.23075343,1
11.19341892,1
11.19923019,1
11.19641469,1
11.06725961,1
11.20016874,1
11.16691846,1
10.91848504,1
11.03886982,1
11.02815715,1
11.18989294,1
11.06413379,1
11.09070105,1
11.21771308,1
11.18239124,1
11.12704287,1
11.15737118,1
11.15411943,1
11.03483774,1
11.16852353,1
11.0715985,1
11.24598683,1
11.15296026,1
11.2425741,1
11.20569262,1
11.33413006,1
11.26567475,1
11.00356348,1
11.02055206,1
11.08201223,1
11.01136836,1
11.11877027,1
11.12456904,1
11.07916511,1
11.0647796,1
10.82700045,1
11.10641486,1
11.17204194,1
10.91807414,1
10.88111893,1
10.86638428,1
10.98586158,1
10.93003824,1
11.06459415,1
11.06233719,1
11.18771417,1
11.19536498,1
11.13466205,1
11.22309093,1
11.18179073,1
11.22766937,1
11.21557826,1
11.12441622,1
11.38913482,1
11.21132885,1
11.11240649,1
11.1905587,1
11.14780862,1
11.29153066,1
11.36489845,1
11.27685209,1
11.35409365,1
11.2620027,1
11.19116495,1
11.37241958,1
11.28267655,1
11.24304021,1
11.11820973,1
11.10362416,1
11.0780455,1
11.25772982,1
11.26388351,1
11.18933584,1
11.23890728,1
11.16413669,1
11.28094898,1
11.12401208,1
11.21398293,1
11.26375677,1
11.30301815,1
11.34557828,1
11.11870046,1
11.13034392,1
11.16869355,1
11.19932577,1
11.34251309,1
11.20042604,1
11.33953279,1
11.22297843,1
11.26090133,1
11.14643269,1
11.186517,1
11.11862293,1
11.01808374,1
11.18994486,1
11.1559411,1
11.21784643,1
11.2202581,1
11.17236925,1
11.41702901,1
11.15390791,1
11.04530575,1
11.05231406,1
11.15034303,1
11.16966193,1
11.0896427,1
11.17448601,1
11.18673446,1
11.10034027,1
11.21422982,1
11.23012808,1
11.26042275,1
11.22592351,1
11.20639816,1
11.13142996,1
11.18838394,1
11.15587217,1
11.20334564,1
11.26336735,1
11.22489412,1
10.98537775,1
11.17092616,1
11.07067581,1
11.14652481,1
11.09178085,1
11.16145132,1
11.10754755,1
11.1411518,1
11.07347328,1
11.15766715,1
11.15304532,1
11.12697101,1
11.15415121,1
11.27346495,1
10.82818659,1
10.90390905,1
11.0051643,1
11.02852442,1
11.04760829,1
11.04505217,1
11.01060935,1
11.29859507,1
11.49751152,1
11.37916997,1
11.36050547,1
11.36998314,1
11.3769134,1
11.34064229,1
11.4319106,1
11.31629623,1
11.28812897,1
11.37292867,1
11.26881144,1
11.34067147,1
11.33588636,1
11.40812933,1
11.4220891,1
11.41349875,1
11.23679764,1
11.32504986,1
11.3925083,1
11.30399015,1
11.39958382,1
11.37008726,1
11.37664974,1
11.3023004,1
11.24468051,1
11.14908539,1
11.26328427,1
11.29346055,1
11.28523642,1
11.37208216,1
11.4146216,1
11.36267658,1
11.41877721,1
11.38855965,1
11.21948975,1
11.18491202,1
11.26732874,1
11.21278012,1
11.32519466,1
11.18424445,1
11.44974379,1
11.48738296,1
11.23224843,1
11.16699459,1
11.11278288,1
11.36034789,1
11.15631307,1
11.27793138,1
11.44371203,1
11.40101105,1
11.39261846,1
11.40654668,1
11.42735781,1
11.39046052,1
11.26096663,1
11.37808423,1
11.25188586,1
11.32540878,1
11.22674934,1
11.2791195,1
11.20318189,1
11.09249414,1
11.11247933,1
11.24205073,1
11.19212018,1
11.35103821,1
11.24614249,1
11.30668893,1
11.2423175,1
11.26863661,1
11.28199368,1
11.28649961,1
11.21022288,1
11.14007551,1
11.20713129,1
11.18056739,1
11.42605672,1
11.05096187,1
11.00897581,1
11.32264025,1
11.18007305,1
11.26690246,1
11.22068151,1
11.41186939,1
11.35223896,1
11.30926491,1
11.29538219,1
11.38740388,1
11.42731899,1
11.34411275,1
11.29021297,1
11.30941448,1
11.21009099,1
11.24965007,1
11.2240305,1
11.18220256,1
11.21176152,1
11.38253073,2
11.24446564,2
11.20815168,2
11.13598,2
11.1657107,2
11.14448874,2
11.09440676,2
11.1661471,2
11.21585822,2
11.1491392,2
11.13137151,2
11.09792331,2
11.18177118,2
11.13365238,2
11.19807945,2
11.27613764,2
11.17975355,2
11.19701347,2
11.22184113,2
11.26901458,2
11.25835906,2
11.33794615,2
11.251434,2
11.41346043,2
11.38391664,2
11.34594643,2
11.51196316,2
11.5260322,2
11.40889316,2
11.35948749,2
11.27386897,2
11.21396866,2
11.17628585,2
11.22076795,2
11.24683157,2
11.48674108,2
11.18190871,2
11.1464479,2
11.27182288,2
11.26579109,2
11.28252928,2
11.42527547,2
11.39340367,2
11.30644534,2
11.3679105,2
11.42922841,2
11.55698515,2
11.32101198,2
11.48061383,2
11.32999552,2
11.27271097,2
11.34194521,2
11.34308165,2
11.38129254,2
11.37774995,2
11.33094593,2
11.34682487,2
11.49402661,2
11.35866171,2
11.33099462,2
11.35529304,2
11.25492977,2
11.18239176,2
11.22724619,2
11.23638703,2
11.31364673,2
11.19697329,2
11.20843396,2
11.50990103,2
11.24915706,2
11.24216226,2
11.26201099,2
11.231625,2
11.24094896,2
11.28664549,2
11.44372959,2
11.43104684,2
11.17350351,2
11.29176332,2
11.2688468,2
11.3488348,2
11.20882874,2
11.10438327,2
11.09028497,2
11.01256981,2
11.21548557,2
11.2202596,2
11.24100089,2
11.2166432,2
11.32212635,2
11.26042847,2
11.22572356,2
11.15705342,2
11.20674217,2
11.31689171,2
11.26092398,2
11.23484717,2
11.18009642,2
11.26743012,2
11.20867997,2
11.16310703,2
11.24447453,2
11.18162798,2
11.15874422,2
11.19510579,2
11.1961807,2
11.30314625,2
11.3419885,2
11.31943382,2
11.16318909,2
11.22966734,2
11.21063661,2
11.49175135,2
11.45495741,2
11.32171365,2
11.20238309,2
11.21796417,2
11.15048362,2
11.16410935,2
11.53167331,2
11.44441801,2
11.38679334,2
11.29854178,2
11.45685128,2
11.42274772,2
11.33792801,2
11.3352919,2
11.40170493,2
11.32018625,2
11.1402138,2
11.2101044,2
11.25148749,2
11.28281194,2
11.24977081,2
11.3983396,2
11.20965887,2
11.17779085,2
11.21124827,2
11.25427003,2
11.35328835,2
11.37108817,2
11.32447924,2
11.33038972,2
11.30804628,2
11.34066624,2
11.43655166,2
11.1114769,2
11.29841861,2
11.08891361,2
11.25389598,2
11.25651956,2
11.1127197,2
11.07088692,2
11.16703577,2
11.06837961,2
11.11395075,2
11.42938934,2
11.16182656,2
11.44748618,2
11.2252136,2
11.33325674,2
11.40663614,2
11.30056897,2
11.43473294,2
11.36324753,2
11.27678591,2
11.32697148,2
11.3427922,2
11.35961527,2
11.4416888,2
11.39650863,2
11.29497402,2
11.3372614,2
11.1988535,2
11.15747281,2
11.27050382,2
11.19615149,2
11.19746764,2
11.18410509,2
11.178673,2
11.1981026,2
11.27895104,2
11.16336199,2
11.4690705,2
11.14705161,2
11.25577785,2
11.25220376,2
11.12439903,2
11.32070132,2
11.22264941,2
11.28443677,2
11.37952683,2
11.38933599,2
11.36516978,2
11.38294604,2
11.21070337,2
11.28405423,2
11.26638116,2
11.25273694,2
11.35739768,2
11.29350933,2
11.46550921,2
11.32035537,2
11.3714243,2
11.23061045,2
11.36688926,2
11.27402181,2
11.21127724,2
11.31983801,2
11.31034932,2
11.29147413,2
11.31834388,2
11.22050052,2
11.35870303,2
11.28515958,2
11.44037636,2
11.44721276,2
11.28476995,2
11.20749159,2
11.20790412,2
11.34879594,2
11.30550894,2
11.17734702,2
11.40743547,2
11.42716596,2
11.39996136,2
11.25246376,2
11.36294661,2
11.31397746,2
11.25732446,2
11.15011386,2
11.17903412,2
11.1861561,2
11.15826022,2
11.1555761,2
11.19384363,2
11.28835855,2
11.33452742,2
11.35649754,2
11.19860559,2
11.23255743,2
11.16894944,2
11.22000266,2
11.1961478,2
11.32725709,2
11.20190549,2
11.31661913,2
11.30177828,2
11.13908945,2
11.23381049,2
11.10534392,2
10.92923296,2
11.36272191,2
11.31877608,2
11.31612734,2
11.09768602,2
11.15929616,2
11.37172499,2
11.28189175,2
11.34158575,2
11.29325615,2
11.14868149,2
11.0889267,2
11.11708194,2
11.43260404,2
11.07090145,2
11.17402924,2
11.09874787,2
11.06967262,2
11.13760425,2
11.20476232,2
11.19625106,2
11.11152884,2
11.0690549,2
11.05725979,2
11.35511807,2
11.2018476,2
10.95637171,2
10.90811307,2
11.01269349,2
11.07639198,2
11.05983409,2
11.03335234,2
11.07022352,2
11.08402393,2
10.95860422,2
11.29530614,2
11.01867104,2
11.00118953,2
10.97112625,2
11.02608968,2
11.0325533,2
11.0379092,2
11.09529091,2
11.1505169,2
11.15675643,2
11.10665222,2
11.25223138,2
11.26752932,2
11.21167815,2
11.18231285,2
11.14688582,2
11.12513823,2
11.39415141,2
11.12802437,2
10.9434674,2
11.06066701,2
11.18051536,2
11.41200481,2
11.32084195,2
11.27234937,2
11.26131546,2
11.3018137,2
11.40793192,2
11.4620452,2
11.27518935,2
11.40370957,2
11.3607963,2
11.4373949,2
11.29304331,2
11.33766066,2
11.27062707,2
11.29845676,2
11.32839415,2
11.32670852,2
11.4570752,2
11.34142389,2
11.25770161,2
11.25915761,2
11.2271797,2
11.39995936,2
11.34040812,2
11.2517085,2
11.29500822,2
11.25120518,2
11.21613978,2
11.39470438,2
11.43974556,2
11.34199735,2
11.29867684,2
11.24358081,2
11.28992057,2
11.21645972,2
11.20006491,2
11.20258359,2
11.272686,2
11.3115778,2
11.42736815,2
11.23493136,2
11.39090414,2
11.23613243,2
11.15732673,2
11.15742971,2
11.33405034,2
11.31071723,2
11.33067936,2
11.25246764,2
11.3527114,2
11.4246385,2
11.30741022,2
11.19983311,2
11.30973961,2
11.37338552,2
11.26763679,2
11.25640718,2
11.09032821,2
11.19259999,2
11.31962984,2
11.2093406,2
11.4835867,2
11.20113164,2
11.26049764,2
11.16773439,2
11.28494624,2
11.20548743,2
11.26711465,2
11.18435248,2
11.33499099,2
11.19858141,2
11.12860737,2
11.35850876,2
11.20432685,2
11.03666782,2
11.30634184,2
11.23507701,2
11.16731791,2
11.17432104,2
11.16816351,2
11.09884431,2
11.19489665,2
11.45027091,2
11.40281289,2
11.28184689,2
11.3940673,2
11.34788573,2
11.45049784,2
11.40691717,2
11.3013232,2
11.28770837,2
11.35177333,2
11.53618046,2
11.46730885,2
11.4692112,2
11.40520139,2
11.43237809,2
11.53532656,2
11.38396146,2
11.51413073,2
11.42810565,2
11.31626225,2
11.32208149,2
11.3275345,2
11.38393818,2
11.13466787,2
11.11595769,2
11.06946323,2
11.09493941,2
11.14598476,2
11.14088354,2
11.12770699,2
11.09788327,2
11.06800769,2
11.05622592,2
11.50624719,2
11.10477663,2
11.11198047,2
11.19386724,2
11.1319521,2
11.3419117,2
11.2853844,2
11.27872733,2
11.40726384,2
11.24501363,2
11.2477717,2
11.34749256,2
11.21468716,2
11.2675375,2
11.14433296,2
11.2562894,2
11.21122006,2
11.19707634,2
11.0768489,2
11.29934562,2
11.18373124,2
11.27729368,2
11.36964032,2
11.21430486,2
11.24061412,2
11.27425485,2
11.33471621,2
11.27644883,2
11.24850234,2
11.34232965,2
11.32584102,2
11.27421902,2
11.35014757,2
11.37794237,2
11.30240192,2
11.38113874,2
11.33665408,2
11.34326611,2
11.26908193,2
11.22915884,2
11.29982053,2
11.31737833,2
11.30084252,2
11.32167755,2
11.37361298,2
11.41003183,2
11.33215348,2
11.44409176,2
11.33332821,2
11.39260646,2
11.30980526,2
11.34889934,2
11.3279092,2
11.28824609,2
11.33565542,2
11.45389111,2
11.35403506,2
11.3559552,2
11.2379308,2
11.34565811,2
11.34161335,2
11.35168288,1
11.35976969,1
11.19784319,1
11.12671128,1
11.17148029,1
11.33342836,1
11.36686809,1
11.29386494,1
11.39775591,1
11.35111765,1
11.38023265,1
11.40871,1
11.28869398,1
11.30750994,1
11.34666307,1
11.31931682,1
11.41956598,1
11.2969038,1
11.49666273,1
11.38715522,1
11.28988572,1
11.3438662,1
11.38503015,1
11.33379131,1
11.19782695,1
11.36228203,1
11.30969725,1
11.37100156,1
11.41794867,1
11.46086236,1
11.36291444,1
11.31947205,1
11.28337247,1
11.29474303,1
11.22071837,1
11.17936483,1
11.37414247,1
11.25607202,1
11.24130152,1
11.23932689,1
11.22136595,1
11.31808748,1
11.34680694,1
11.34671865,1
11.44108441,1
11.34598442,1
11.23864645,1
11.19616155,1
11.24351263,1
11.21624915,1
11.20006829,1
11.39016518,1
11.42518965,1
11.28524602,1
11.28899114,1
11.26839796,1
11.14877547,1
11.26902328,1
11.19697662,1
11.20542047,1
11.3851867,1
11.35074666,1
11.29376582,1
11.2645474,1
11.33795334,1
11.33741834,1
11.29558447,1
11.2881115,1
11.18697991,1
11.2528791,1
11.22047572,1
11.22622388,1
11.15487943,1
11.13650018,1
11.10490781,1
11.12725065,1
11.14150774,1
11.2094281,1
11.21689019,1
11.22347938,1
11.28073035,1
11.24020147,1
11.31879768,1
11.17062218,1
11.06119678,1
11.16197852,1
11.19668106,1
11.21698043,1
11.17612369,1
11.21529043,1
11.16860079,1
11.37185396,1
11.15604322,1
11.12697394,1
11.2028447,1
11.0504373,1
11.14045065,1
11.14995108,1
11.2378783,1
11.03394781,1
11.06598859,1
11.30753275,1
11.26366981,1
11.18279773,1
11.22434985,1
11.18151738,1
11.32133544,1
11.24417848,1
11.25829636,1
11.36088494,1
11.26096493,1
11.13669389,1
11.19370552,1
11.23164479,1
11.28641902,1
11.22488204,1
11.19081154,1
11.37157173,1
11.23351227,1
11.2741498,1
11.16523186,1
11.3794935,1
11.29521608,1
11.34532834,1
11.29292951,1
11.27361158,1
11.23138956,1
11.14094348,1
11.24763525,1
11.15297834,1
11.27409527,1
11.13678156,1
11.3621061,1
11.43153769,1
11.27994598,1
11.2122975,1
11.47909917,1
11.39517123,1
11.34577638,1
11.3774945,1
11.41929503,1
11.13106953,1
11.10154003,1
11.17712448,1
11.25359822,1
11.21551805,1
11.25741045,1
11.21895774,1
11.24965444,1
11.13134625,1
11.15567022,1
11.22206151,1
11.16417851,1
11.32615064,1
11.27764444,1
11.24614167,1
11.09079975,1
11.24354463,1
11.06038145,1
11.15318627,1
11.03457,1
11.23501205,1
11.15291107,1
11.14308917,1
11.21046931,1
11.16782597,1
11.11612925,1
11.15733397,1
11.21217838,1
11.14393405,1
11.1150913,1
11.07628428,1
11.01368054,1
11.2304512,1
11.16503635,1
11.13611926,1
11.19943329,1
11.16679764,1
11.1126333,1
11.19162477,1
11.09196458,1
11.11792042,1
11.10620135,1
11.04075328,1
11.1973698,1
11.1533982,1
11.1393683,1
11.13981813,1
11.09304043,1
11.07184164,1
11.16925898,1
11.15378126,1
10.90995492,1
11.0670614,1
11.32624423,1
11.30275371,1
11.32338632,1
11.29811158,1
11.27989982,1
11.2986467,1
11.09779789,1
11.2149925,1
11.24475662,1
11.17661238,1
11.07369045,1
11.2617442,1
11.10908397,1
11.21094633,1
11.33421895,1
11.21996261,1
11.3413938,1
11.24505866,1
11.3210046,1
11.32756286,1
11.31408676,1
11.22926205,1
11.22993346,1
11.12751182,1
11.2995099,1
11.35472035,1
11.34641294,1
11.249144,1
11.3579312,1
11.30053351,1
11.20358711,1
11.35863249,1
11.36092931,1
11.2553991,1
11.40032234,1
11.28363817,1
11.23988675,1
11.20625927,1
11.31563619,1
11.32613937,1
11.26669867,1
11.2399497,1
11.28091948,1
11.24502866,1
11.335894,1
11.21077296,1
11.23983145,1
11.32837054,1
11.13379651,1
11.07859302,1
11.12421248,1
11.19539802,1
11.31236807,1
11.11553323,1
11.18014436,1
11.20423111,1
11.31208067,1
11.27904574,1
11.22163971,1
11.27718077,1
11.24420127,1
11.33906108,1
11.32753936,1
11.24048173,1
11.17415011,1
11.1933776,1
11.17270408,1
11.26128972,1
11.25223207,1
11.15129759,1
11.20599703,1
11.18053764,1
11.18955873,1
11.38896894,1
11.2254342,1
11.30460646,1
11.33773333,1
11.18192652,1
11.34269809,1
11.22935169,1
11.1677507,1
11.19699951,1
11.28784716,1
11.34397949,1
11.27991267,1
11.27146887,1
11.25071937,1
11.41562515,1
11.26581984,1
11.21814518,1
11.34942135,1
11.20646283,1
11.26618454,1
11.11469103,1
11.04439007,1
11.14975893,1
11.23611896,1
11.25161465,1
11.19030377,1
11.22246214,1
11.25897532,1
11.06911102,1
11.04063712,1
11.06511901,1
11.05217664,1
11.34936386,1
11.24777141,1
11.25014539,1
11.16462229,1
11.35184086,1
11.28961784,1
11.38185716,1
11.2580332,1
11.26496867,1
11.19021386,1
11.26958757,1
11.20441128,1
11.20293198,1
11.18184527,1
11.24227565,1
11.21372497,1
11.21478411,1
11.30773436,1
11.36900635,1
11.26922394,1
11.2542636,1
11.4361363,1
11.3984684,1
11.35113694,1
11.28706036,1
11.381486,1
11.31125824,1
11.27379356,1
11.25635132,1
11.21343021,1
11.2037867,1
11.14722575,1
11.32041398,1
11.29533385,1
11.35213131,1
11.25300936,1
11.29831668,1
11.3358728,1
11.40340889,1
11.37163556,1
11.32286114,1
11.40822917,1
11.36083581,1
11.12723639,1
11.317012,1
11.35402493,1
11.24371982,1
11.17377537,1
11.37031331,1
11.32670909,1
11.24335592,1
11.25752007,1
11.32291198,1
11.2475528,1
11.12206313,1
11.28535084,1
11.39050759,1
11.31962495,1
11.21976217,1
11.28118282,1
11.22302155,1
11.13755052,1
11.26087349,1
11.28569514,1
11.28399758,1
11.33925019,1
11.30315818,1
11.30652519,1
11.22796915,1
11.4029121,1
11.31710223,1
11.34231899,1
11.28124435,1
11.20023862,1
11.16077411,1
11.1511132,1
11.19512078,1
11.13172654,1
11.15324409,1
11.03282684,1
11.04608462,1
11.17563024,1
11.04457196,1
11.20486236,1
11.18364126,1
11.13746629,1
11.17410449,1
11.24424294,1
11.34069192,1
11.14324004,1
11.12786556,1
11.24687292,1
11.03362749,1
11.16641535,1
11.17856232,1
11.21371206,1
11.16156168,1
11.22936309,1
11.22545123,1
11.23402145,1
11.04354284,1
11.21304055,1
11.19946863,1
11.15108359,1
11.0282798,1
11.08434514,1
11.14490384,1
11.02087746,1
11.00865264,1
11.28797523,1
11.21801794,1
11.26833222,1
11.23266775,1
11.19874741,1
11.15548933,1
11.06323874,1
11.26191586,1
11.09958744,1
11.20997382,1
11.08816602,1
11.22557262,1
11.15992822,1
11.22608323,1
10.99559771,1
11.1850274,1
11.10488373,1
11.05936902,1
10.98450939,1
10.96824341,1
11.14496216,1
11.04753224,1
10.97427153,1
11.17945222,1
11.11893842,1
11.07468022,1
11.06944835,1
11.19852523,1
11.27312571,1
11.27734285,1
11.34651591,1
11.26750305,1
11.22564125,1
11.24245005,1
11.16374035,1
11.25816169,1
11.15848401,1
11.11245882,1
11.18148459,1
11.30432203,1
11.30804832,1
11.22092867,1
11.30713672,1
11.33828475,1
11.32353392,1
11.41517625,1
11.28701876,1
11.26131936,1
11.31119477,1
11.31555139,1
11.28468647,1
11.22557782,1
11.30945381,1
11.22055659,1
11.13587356,1
11.25436137,1
11.24214777,1
11.16020577,1
11.21963481,1
11.22198313,1
11.09843086,1
11.17730867,1
11.23863234,1
11.22809084,1
11.20902409,1
11.21303536,1
11.26337909,1
11.27659423,1
11.37876946,1
11.21691784,1
11.12855523,1
11.1763662,1
11.22019041,1
11.33621539,1
11.23790298,1
11.1842322,1
11.21999717,1
11.15376036,1
11.32390101,1
11.26477041,1
11.34472542,1
11.39044672,1
11.30416517,1
11.30602461,1
11.2512548,1
11.37974523,1
11.25731108,1
11.23924113,1
11.23500275,1
11.25843865,1
11.17399061,1
11.20893258,1
11.15347479,1
11.13862867,1
11.19656895,1
11.24170107,1
11.21727159,1
11.14940235,1
11.23246203,1
11.17626427,1
11.31182762,1
11.1827432,1
11.31542458,1
11.25968577,1
11.2639497,1
11.28599961,1
11.35176099,1
11.08763109,1
11.05887132,1
11.08881286,1
11.03553541,1
11.31413999,1
11.14656614,1
11.01693655,1
11.17694454,1
11.29332835,1
11.3010773,1
11.24898822,1
11.30350235,1
11.03982799,1
11.10601007,1
11.10978201,1
11.29991181,1
11.34563156,1
11.27733925,1
11.31594112,1
11.23508874,1
11.18184852,1
11.3133223,1
11.31157223,1
11.38681029,1
11.33105683,1
11.32443869,1
11.3164012,1
11.4118634,1
11.32709634,1
11.39837532,1
11.34416195,1
11.23710993,1
11.28561304,1
11.30941693,1
11.26934026,1
11.32687421,1
11.22992555,1
11.27812081,1
11.28336079,1
11.36203406,1
11.31459888,1
11.30958217,1
11.38144479,1
11.40075433,1
11.33907052,1
11.22452038,1
11.39530937,1
11.33660324,1
11.35070145,1
11.51774026,1
11.41139686,1
11.51952475,1
11.48924396,1
11.4362585,1
11.4663202,1
11.51388717,1
11.37240224,1
11.34051415,1
11.33742029,1
11.45356468,1
11.38158668,1
11.32066781,1
11.46337846,1
11.52098033,1
11.45346257,1
11.59102166,1
11.37792046,1
11.33047456,1
11.31356332,1
11.29622427,1
11.29999275,1
11.27092347,1
11.28014857,1
11.33405179,1
11.38351079,1
11.37413328,1
11.37638186,1
11.4429365,1
11.46698698,1
11.21611316,1
11.29505429,1
11.344202,1
11.28742925,1
11.36330852,1
11.26529652,1
11.25825072,1
11.24094527,1
11.39790214,1
11.18448915,1
11.35930593,1
11.30082476,1
11.21057951,1
11.40795933,1
11.36652549,1
11.38331678,1
11.41793765,1
11.36810022,1
11.31528385,1
11.24221885,1
11.35107967,1
11.42180144,1
11.32274343,1
11.36004654,1
11.38271212,1
11.35387374,1
11.34264537,1
11.35810806,1
11.41618229,1
11.3389003,1
11.38788055,1
11.39450742,1
11.23829878,1
11.36332683,1
11.30788131,1
11.29445491,1
11.28960573,1
11.30586852,1
11.27477358,1
11.20851779,1
11.2559588,1
11.34121857,1
11.32683776,1
11.41047806,1
11.39034138,1
11.21578916,1
11.22949885,1
11.21534108,1
11.216431,1
11.19056464,1
11.30115624,1
11.32574482,1
11.25885434,1
11.27451182,1
11.30543423,2
11.28741676,2
11.39900145,2
11.33023658,2
11.32751504,2
11.21070243,2
11.28739707,2
11.2485698,2
11.29366607,2
11.35117406,2
11.3002718,2
11.3327078,2
11.2333379,2
11.38702426,2
11.30356181,2
11.2353891,2
11.21793284,2
11.17767689,2
11.20702258,2
11.32119807,2
11.24297499,2
11.26692771,2
11.24966073,2
11.2388703,2
11.31081081,2
11.36520589,2
11.19654315,2
11.308253,2
11.27232839,2
11.28163616,2
11.20970181,2
11.15619079,2
11.37716519,2
11.20807075,2
11.37001468,2
11.58590138,2
11.49365972,2
11.38215239,2
11.31490825,2
11.35005401,2
11.31154992,2
11.22943641,2
11.3712236,2
11.30393408,2
11.17361692,2
11.29186864,2
11.26956177,2
11.32882421,2
11.30510453,2
11.18172247,2
11.21266922,2
11.14611368,2
11.1424863,2
11.20549291,2
11.12616855,2
11.12858068,2
11.2303706,2
11.22199482,2
11.260217,2
11.23387043,2
11.2316206,2
11.13320575,2
11.29201568,2
11.29996308,2
11.20041706,2
11.31491798,2
11.4110692,2
11.3021176,2
11.26817844,2
11.25187592,2
11.13304363,2
11.31615405,2
11.31626365,2
11.32407719,2
11.21948391,2
11.20556737,2
11.24410588,2
11.29694743,2
11.29433828,2
11.20174403,2
11.18691741,2
11.09273201,2
11.29812647,2
11.21349257,2
11.16583907,2
11.32887185,2
11.12965407,2
11.08593445,2
11.16151469,2
11.36237603,2
11.24485884,2
11.31118494,2
11.25347489,2
11.25862247,2
11.2863132,2
11.29882636,2
11.28547283,2
11.30465469,2
11.2654238,2
11.2054197,2
11.22452177,2
11.3096802,2
11.17696972,2
11.28971186,2
11.27675027,2
11.32473579,2
11.25757466,2
11.38798648,2
11.3144552,2
11.33426466,2
11.19468503,2
11.26447195,2
11.2141888,2
11.27255326,2
11.43932825,2
11.426254,2
11.24185612,2
11.31773571,2
11.32219344,2
11.15591247,2
11.25173205,2
11.29257542,2
11.29398537,2
11.2467923,2
11.27166846,2
11.23648754,2
11.26819131,2
11.24667036,2
11.3384117,2
11.33335176,2
11.29709204,2
11.34984952,2
11.26586064,2
11.2007313,2
11.33796427,2
11.21749677,2
11.29234666,2
11.20595888,2
11.26277784,2
11.1594428,2
11.31620665,2
11.2558238,2
11.28729561,2
11.51608215,2
11.40803232,2
11.18742526,2
11.29964661,2
11.21313935,2
11.23365343,2
11.20952639,2
11.20259155,2
11.18883198,2
11.33220761,2
11.33496497,2
11.30699503,2
11.29074453,2
11.37024849,2
11.42250159,2
11.29024542,2
11.33834664,2
11.26683059,2
11.26959025,2
11.11991337,2
11.31298376,2
11.21415012,2
11.18980297,2
11.15761007,2
11.23727115,2
11.24685113,2
11.19314357,2
11.19644488,2
11.10106454,2
11.1956825,2
11.13813667,2
11.19183754,2
11.3084539,2
11.17545453,2
11.22226335,2
11.24375218,2
11.27027739,2
11.28307115,2
11.3127651,2
11.27388269,2
11.10046702,2
11.167371,2
11.28638917,2
11.30691766,2
11.1596537,2
11.16016491,2
10.99823735,2
11.16067263,2
11.17809164,2
11.04071296,2
11.22679284,2
11.06068218,2
11.17132233,2
11.18490743,2
11.23721645,2
11.20943043,2
11.28532773,2
11.33630453,2
11.14923295,2
11.2037248,2
11.15916797,2
11.06257023,2
11.11751458,2
11.12537415,2
11.22168785,2
11.15669337,2
11.08855564,2
11.1463343,2
11.25765469,2
11.28249261,2
11.19546032,2
11.20677376,2
11.09616542,2
11.06174608,2
11.06106393,2
11.27038409,2
11.24305115,2
11.26400664,2
11.28904079,2
11.26994719,2
11.22241945,2
11.22909552,2
11.15360492,2
11.13499752,2
11.31167211,2
11.18168096,2
11.07334413,2
11.22886092,2
11.17513205,2
11.09337429,2
11.17523683,2
11.06187599,2
11.09692087,2
11.05275497,2
11.09030427,2
11.09062867,2
11.06891563,2
10.98630011,2
11.16341179,2
11.0192604,2
11.0399083,2
11.00817483,2
11.09537732,2
11.09964576,2
11.0994037,2
11.11950535,2
10.97206421,2
11.17898408,2
11.18465869,2
11.18922525,2
11.26254851,2
11.30237021,2
11.28462715,2
11.18604793,2
11.18849834,2
11.35843819,2
11.48405156,2
11.09776225,2
11.14777008,2
11.09690996,2
11.23636383,2
11.17453413,2
11.39462336,2
11.31312104,2
11.2699441,2
11.37472293,2
11.27312285,2
11.18477292,2
11.236505,2
11.26251688,2
11.37412175,2
11.14705438,2
11.27113235,2
11.36459945,2
11.25874601,2
11.25723154,2
11.30089933,2
11.20075115,2
11.1964066,2
11.21928431,2
11.27157739,2
11.16828436,2
11.22544957,2
11.17973778,2
11.30623566,2
11.22369216,2
11.34151741,2
11.31760406,2
11.30485209,2
11.25193376,2
11.34850543,2
11.2287451,2
11.25568122,2
11.30854207,2
11.36196864,2
11.2969323,2
11.44923049,2
11.41804313,2
11.17988981,2
11.21258362,2
11.26419215,2
11.20494404,2
11.20054804,2
11.30139323,2
11.32680219,2
11.33415347,2
11.30909243,2
11.26790237,2
11.28317778,2
11.41947929,2
11.23439258,2
11.23845644,2
11.25140866,2
11.00224771,2
10.94408553,2
11.00735761,2
10.98267291,2
11.37968073,2
11.06986981,2
10.99554946,2
11.07524665,2
11.08643282,2
11.07430472,2
11.13981626,2
11.04571372,2
10.99428953,2
11.10536044,2
11.00057448,2
11.29619383,2
11.16625738,2
11.15395272,2
11.18461704,2
11.24110468,2
11.3053902,2
11.11102242,2
11.15881226,2
11.1745754,2
11.09035127,2
10.95796746,2
11.32608895,2
11.24622108,2
11.25407096,2
11.28230191,2
11.24360242,2
11.19987583,2
11.16840776,2
11.14194037,2
11.29778681,2
11.19003217,2
11.20038537,2
11.19415026,2
11.14774447,2
11.32713338,2
11.0160745,2
10.92379052,2
11.01878225,2
11.04167946,2
11.09056176,2
11.12901424,2
11.01093903,2
11.01714078,2
11.08289291,2
11.29801537,2
11.08376909,2
11.07607958,2
11.06668634,2
10.99759831,2
11.08881546,2
11.07029589,2
11.12525781,2
11.14111491,2
11.24167634,2
11.12643094,2
11.07160051,2
11.14670619,2
11.09940781,2
11.15423436,2
11.15996825,2
11.12964978,2
11.10031655,2
11.18235178,2
11.07978503,2
11.25843922,2
11.19515745,2
11.16877845,2
11.2307067,2
11.16958749,2
11.16812614,2
11.1586684,2
11.13973465,2
11.39737209,2
11.28450654,2
11.29094812,2
11.30754391,2
11.30883347,2
11.28507528,2
11.10104665,2
11.2522148,2
11.22969029,2
11.3206892,2
11.26882479,2
11.21983319,2
11.2322688,2
11.24069522,2
11.34583213,2
11.09266581,2
11.20884219,2
11.08666437,2
11.2495025,2
11.21836142,2
11.03266306,2
10.98601255,2
11.11979875,2
11.25956276,2
11.29555041,2
11.34218555,2
11.19826464,2
11.2658031,2
11.27013349,2
11.34010041,2
11.30853204,2
11.35680273,2
11.33408444,2
11.38052527,2
11.34320743,2
11.28854344,2
11.31719868,2
11.31664872,2
11.32944797,2
11.26016549,2
11.37054299,2
11.30369155,2
11.34141879,2
11.34312364,2
11.22805102,2
11.28754811,2
11.35569684,2
11.35952436,2
11.24432882,2
11.25624575,2
11.37000333,2
11.34742593,2
11.32802213,2
11.24847625,2
11.36088,2
11.32922984,2
11.26960793,2
11.35511378,2
11.26991095,2
11.27044583,2
11.28346502,2
11.19468445,2
11.22020774,2
11.25144488,2
11.0400865,2
11.17446467,2
11.11369907,2
11.12307953,2
11.21275448,2
11.32239628,2
11.17371635,2
11.29410892,2
11.24064394,2
11.16361138,2
11.21081418,2
11.20694222,2
11.27503957,2
11.23452278,2
11.22574354,2
11.19371197,2
11.1931017,2
11.2665561,2
11.24585498,2
11.35709144,2
11.29471211,2
11.19173991,2
11.21032696,2
11.11805534,2
11.32823834,2
11.32162886,2
11.26447545,2
11.32707948,2
11.40980663,2
11.20010096,2
11.27751594,2
11.25902315,2
11.21772164,2
11.16194509,2
11.1732623,2
11.25536527,2
11.27156833,2
11.18576462,2
11.20938373,2
11.37109148,2
11.2276349,2
11.22673328,2
11.22295995,2
11.21946485,2
11.19396411,2
11.14387145,2
11.11321715,2
11.36507555,2
11.35610731,2
11.4040239,2
11.36612494,2
11.33871532,2
11.43307634,2
11.42825175,2
11.39333794,2
11.37405623,2
11.37814983,2
11.28594497,2
11.31466315,2
11.37382097,2
11.35770367,2
11.42232104,2
11.35228054,2
11.40831608,2
11.47773612,2
11.25157686,2
11.29750279,2
11.4343278,2
11.41236113,2
11.46192376,2
11.32841557,2
11.26845964,2
11.30622953,2
11.27554675,2
11.40167404,2
11.40594059,2
11.43140405,2
11.33443974,2
11.46610526,2
11.41008727,2
11.44570152,2
11.42029579,2
11.37913517,2
11.30371793,2
11.29408562,2
11.30261632,2
11.35366329,2
11.34884906,2
11.37391297,2
11.28093881,2
11.22750506,2
11.34543808,2
11.33738303,2
11.34515152,2
11.32996967,2
11.41928304,2
11.25323607,2
11.14134595,2
11.28698919,2
11.29441166,2
11.18789616,2
11.26911258,2
11.38977715,2
11.42128909,2
11.3454042,2
11.22023671,2
11.1654558,2
11.30182813,2
11.39117057,2
11.36516155,2
11.43301555,2
11.25626169,2
11.2233804,2
11.36023272,2
11.36991575,2
11.25226511,2
11.30918321,2
11.30683241,2
11.40816229,2
11.23663455,2
11.21245384,2
11.3269935,2
11.28254384,2
11.21894222,2
11.07982047,2
11.15287589,2
11.14079446,2
11.20047772,2
11.10869437,2
11.26569016,2
11.09629462,2
11.17070881,2
11.38252242,2
11.11128003,2
11.15266684,2
11.17474639,2
11.04663001,2
11.18582529,2
11.10976839,2
11.15914071,2
11.1953481,2
11.29846416,2
11.30449443,2
11.54267306,3
11.41393568,3
11.52265075,3
11.42085099,3
11.4976485,3
11.46167756,3
11.4396032,3
11.39592453,3
11.47007786,3
11.49793993,3
11.55608963,3
11.42716656,3
11.50749886,3
11.41118801,3
11.59025397,3
11.53960409,3
11.45395207,3
11.52909197,3
11.57881317,3
11.40359181,3
11.37635344,3
11.57911179,3
11.46176891,3
11.43529309,3
11.65973459,3
11.65630112,3
11.64387268,3
11.57217221,3
11.53769003,3
11.51170384,3
11.57415814,3
11.44644155,3
11.56885805,3
11.33247399,3
11.45137032,3
11.39487946,3
11.4332558,3
11.35389312,3
11.42143193,3
11.36127581,3
11.41725755,3
11.40148275,3
11.32218703,3
11.41146851,3
11.44824517,3
11.49151888,3
11.3971694,3
11.37659121,3
11.53634805,3
11.42728066,3
11.53864226,3
11.32088868,3
11.3204984,3
11.40246189,3
11.28393196,3
11.46451824,3
11.44413452,3
11.45256675,3
11.53205776,3
11.80275308,3
11.52814546,3
11.55004869,3
11.43896168,3
11.54711396,3
11.5834399,3
11.69048912,3
11.55727213,3
11.64993193,3
11.83474391,3
11.69124361,3
11.69954464,3
11.58635213,3
11.56735267,3
11.54328189,3
11.55444353,3
11.61458559,3
11.53222751,3
11.50793685,3
11.4213509,3
11.60633851,3
11.51582253,3
11.6959069,3
11.57840138,3
11.6434812,3
11.62761322,3
11.41004142,3
11.45870261,3
11.42335748,3
11.51063388,3
11.49631212,3
11.68190605,3
11.52240784,3
11.61698401,3
11.37803587,3
11.52284023,3
11.45670765,3
11.51043639,3
11.48783605,3
11.47221636,3
11.49913366,3
11.42474628,3
11.36844839,3
11.46759846,3
11.47114394,3
11.48245092,3
11.52873602,3
11.53395485,3
11.38111118,3
11.48666205,3
11.51421611,3
11.50005437,3
11.45913181,3
11.40250749,3
11.52415358,3
11.48636858,3
11.45650273,3
11.45366035,3
11.49299962,3
11.54466034,3
11.40609711,3
11.45543942,3
11.43663139,3
11.47718067,3
11.41599943,3
11.6438085,3
11.42647041,3
11.39568304,3
11.62609472,3
11.3854752,3
11.35784206,3
11.33398282,3
11.58420541,3
11.39995437,3
11.29220608,3
11.36628276,3
11.64952503,3
11.21654078,3
11.26623084,3
11.49548759,3
11.44024656,3
11.51939374,3
11.38550579,3
11.59096927,3
11.44773201,3
11.50608808,3
11.44151821,3
11.56202297,3
11.39547913,3
11.35063643,3
11.33836842,3
11.39904455,3
11.40906482,3
11.26392299,3
11.527143,3
11.44542427,3
11.39893508,3
11.57765091,3
11.58023115,3
11.59985503,3
11.49476648,3
11.45102662,3
11.51156173,3
11.4106333,3
11.48597402,3
11.40525118,3
11.50821022,3
11.47499619,3
11.69412429,3
11.44833901,3
11.42804308,3
11.32498513,3
11.40908876,3
11.49257145,3
11.48698518,3
11.50530301,3
11.5630617,3
11.50882356,3
11.55025527,3
11.43049846,3
11.4916947,3
11.46150706,3
11.64748341,3
11.4403681,3
11.53225735,3
11.55385766,3
11.47445705,3
11.46922169,3
11.53519746,3
11.39900363,3
11.44892695,3
11.52929832,3
11.67084464,3
11.60016728,3
11.47722659,3
11.45680242,3
11.65895485,3
11.52038044,3
11.41073429,3
11.48605547,3
11.48129987,3
11.37863302,3
11.42661429,3
11.42392957,3
11.40059511,3
11.59634636,3
11.33313413,3
11.48793217,3
11.47025557,3
11.42472412,3
11.46547422,3
11.48125177,3
11.3844069,3
11.27397668,3
11.42444561,3
11.54763748,3
11.37267656,3
11.46518279,3
11.47352112,3
11.46191985,3
11.47826659,3
11.52876412,3
11.51040942,3
11.50843907,3
11.40603147,3
11.49445028,3
11.46547308,3
11.40861777,3
11.38723389,3
11.56749541,3
11.47465054,3
11.5454858,3
11.47105709,3
11.45012914,3
11.38964392,3
11.29898582,3
11.31339722,3
11.44765124,3
11.49851703,3
11.35104399,3
11.46640084,3
11.44624149,3
11.47747968,3
11.46610304,3
11.42111215,3
11.45993462,3
11.57553317,3
11.48156786,3
11.33810272,3
11.47457136,3
11.39322453,3
11.42608231,3
11.4799596,3
11.39805739,3
11.52617174,3
11.4596182,3
11.43265551,3
11.29068329,3
11.4035212,3
11.62379539,3
11.5727482,3
11.56755976,3
11.39380578,3
11.29687435,3
11.37444764,3
11.47359056,3
11.51317967,3
11.43336461,3
11.34187062,3
11.51179623,3
11.4807571,3
11.42183249,3
11.52653386,3
11.38993962,3
11.38951878,3
11.43251047,3
11.51922078,3
11.42169012,3
11.32546547,3
11.40808972,3
11.42158809,3
11.39660225,3
11.33186441,3
11.51926492,3
11.53497137,3
11.40374727,3
11.3150887,3
11.30509414,3
11.47899218,3
11.36748723,3
11.41867961,3
11.38459893,3
11.35281436,3
11.49726388,3
11.34430461,3
11.58209884,3
11.49111472,3
11.34571875,3
11.3793657,3
11.46202489,3
11.44033196,3
11.30759302,3
11.50899854,3
11.49168281,3
11.48368712,3
11.46161205,3
11.40624641,3
11.38452401,3
11.3754346,3
11.36136338,3
11.3347838,3
11.46442157,3
11.44104767,3
11.39759782,3
11.52560403,3
11.3803152,3
11.34742577,3
11.44820523,3
11.29056105,3
11.43920574,3
11.41968519,3
11.49007519,3
11.42327677,3
11.30847172,3
11.37622361,3
11.42013504,3
11.47841513,3
11.37026674,3
11.3877949,3
11.37419118,3
11.43216766,3
11.3429897,3
11.40085441,3
11.48599924,3
11.44830398,3
11.43723423,3
11.40255239,3
11.44799123,3
11.42121926,3
11.51198921,3
11.72290384,3
11.4712669,3
11.53720233,3
11.60068923,3
11.61376054,3
11.26901213,3
11.48211249,3
11.48394572,3
11.58254476,3
11.53259509,3
11.50208297,3
11.6015623,3
11.49498473,3
11.47526099,3
11.58202361,3
11.37795944,3
11.52879479,3
11.47872121,3
11.34348849,3
11.43541486,3
11.43950398,3
11.48599124,3
11.54329834,3
11.396885,3
11.4889385,3
11.35305267,3
11.37811363,3
11.41531057,3
11.44201351,3
11.44511205,3
11.61730407,3
11.5631005,3
11.55782438,3
11.52916492,3
11.41174892,3
11.53017547,3
11.56355023,3
11.52135485,3
11.4462074,3
11.3741299,3
11.64402097,3
11.48899763,3
11.49313527,3
11.52879662,3
11.58395281,3
11.43475627,3
11.49162999,3
11.41850315,3
11.46510693,3
11.54692869,3
11.51012532,3
11.56549195,3
11.47419474,4
11.421795,4
11.52626665,4
11.4903244,4
11.34905065,4
11.53289867,4
11.51206126,4
11.69870295,4
11.53818104,4
11.43142713,4
11.36443355,4
11.47650785,4
11.46131123,4
11.38099719,4
11.61538298,4
11.43697557,4
11.44953761,4
11.60482963,4
11.49855634,4
11.5368282,4
11.47428091,4
11.60058258,4
11.55797489,4
11.56594371,4
11.57328447,4
11.5625652,4
11.34841243,4
11.34408583,4
11.32202763,4
11.46021355,4
11.55698943,4
11.37669833,4
11.40598274,4
11.4643599,4
11.3331587,4
11.31918083,4
11.53443303,4
11.62011857,4
11.42945402,4
11.34183498,4
11.56640923,4
11.36189917,4
11.33072872,4
11.4422462,4
11.37205179,4
11.31722328,4
11.28224344,4
11.3778246,4
11.43403681,4
11.35418422,4
11.42699806,4
11.41314796,4
11.42513215,4
11.39945514,4
11.52408949,4
11.58042785,4
11.33813959,4
11.42275074,4
11.30577327,4
11.38208447,4
11.33798561,4
11.41527954,4
11.36734097,4
11.40350795,4
11.32682941,4
11.44466547,4
11.61644714,4
11.54776616,4
11.58733129,4
11.34120188,4
11.30385935,4
11.19484971,4
11.22955089,4
11.29749596,4
11.30830299,4
11.26405853,4
11.25251984,4
11.26770274,4
11.1780888,4
11.14529247,4
11.40751715,4
11.13021234,4
11.24192824,4
11.20215611,4
11.27420193,4
11.25144339,4
11.28389146,4
11.35585605,4
11.54329032,4
11.37729465,4
11.34453114,4
11.39601255,4
11.44557206,4
11.4075208,4
11.41342695,4
11.54828285,4
11.50149913,4
11.34985823,4
11.33254943,4
11.29427919,4
11.48119156,4
11.42151371,4
11.40205481,4
11.45587212,4
11.29239092,4
11.5380045,4
11.41144435,4
11.51602256,4
11.39011523,4
11.45339025,4
11.51242105,4
11.57235048,4
11.40015094,4
11.50614906,4
11.36701359,4
11.34337164,4
11.2533309,4
11.34535393,4
11.4652703,4
11.306426,4
11.3933529,4
11.44359323,4
11.37739818,4
11.35169997,4
11.2978136,4
11.34409815,4
11.34093652,4
11.19150114,4
11.31259158,4
11.59612268,4
11.30234431,4
11.39151961,4
11.40883715,4
11.35448008,4
11.36222496,4
11.43707935,4
11.34088984,4
11.33743813,4
11.32175927,4
11.38184384,4
11.2269129,4
11.48547577,4
11.50489848,4
11.46345676,4
11.47448824,4
11.39062863,4
11.49105747,4
11.29828038,4
11.25230176,4
11.23147771,4
11.53473227,4
11.34892771,4
11.33694018,4
11.3284798,4
11.25058066,4
11.22071574,4
11.22157793,4
11.16288901,4
11.23984016,4
11.30561218,4
11.34701272,4
11.26057504,4
11.3366117,4
11.61355636,4
11.21047843,4
11.24923132,4
11.2241652,4
11.41523446,4
11.2651105,4
11.41498999,4
11.44435115,4
11.50136815,4
11.36949288,4
11.32952387,4
11.53866566,4
11.38844634,4
11.36443678,4
11.38684947,4
11.32313817,4
11.40428272,4
11.21375625,4
11.33899993,4
11.2490092,4
11.19587457,4
11.52460279,4
11.45196614,4
11.45945676,4
11.5354202,4
11.62793557,4
11.58573451,4
11.42464615,4
11.4746857,4
11.52646064,4
11.48882432,4
11.5495922,4
11.44655331,4
11.58590413,4
11.59779373,4
11.50532272,4
11.59833397,4
11.27628012,4
11.57841394,4
11.50300417,4
11.45319167,4
11.45879153,4
11.51526085,4
11.42567649,4
11.51625582,4
11.58720495,4
11.42756558,4
11.59223143,4
11.54635831,4
11.41310712,4
11.45242953,4
11.53729627,4
11.4578912,4
11.44002646,4
11.45923015,4
11.49843393,4
11.49829375,4
11.55677191,4
11.48352647,4
11.35933143,4
11.40233379,4
11.42273416,4
11.46824088,4
11.33825202,4
11.41385035,4
11.30832614,4
11.50950317,4
11.51008116,4
11.59407958,4
11.51480715,4
11.59129478,4
11.41966769,4
11.53189337,4
11.43132408,4
11.46865601,4
11.30725063,4
11.42196962,4
11.40412936,4
11.43984765,4
11.45050215,4
11.60082023,4
11.63153742,4
11.44974064,4
11.53949788,4
11.36911358,4
11.45899694,4
11.4671605,4
11.41157142,4
11.4784244,4
11.43446856,4
11.30024517,4
11.42820132,4
11.44334571,4
11.44949504,4
11.37982561,4
11.39997212,4
11.52760334,4
11.5409111,4
11.52999489,4
11.42052426,4
11.45858237,4
11.35283017,4
11.32533173,4
11.44329024,4
11.39297933,4
11.45851631,4
11.33612116,4
11.57141494,4
11.44270123,4
11.43437532,4
11.39175799,4
11.58386324,4
11.49855949,4
11.56687821,4
11.60967975,4
11.58252962,4
11.4797929,4
11.40866399,4
11.41927633,4
11.3393677,4
11.49508122,4
11.56441114,4
11.66353107,4
11.6507462,4
11.44907111,4
11.49594732,4
11.4455978,4
11.45383006,4
11.49540945,4
11.44679747,4
11.30938029,4
11.43793945,4
11.43693089,4
11.36897432,4
11.43209545,4
11.53168169,4
11.5288232,4
11.52000146,4
11.60987296,4
11.36073868,4
11.4909027,4
11.39521313,4
11.41219641,4
11.39527706,4
11.52941333,4
11.4923515,4
11.44694865,4
11.44708272,4
11.4719281,4
11.37503891,4
11.56861345,4
11.41396125,4
11.34035598,4
11.47898563,4
11.45643004,4
11.43382898,4
11.31663021,4
11.46346827,4
11.47480956,4
11.46792335,4
11.406711,4
11.41483024,4
11.35218339,4
11.47190381,4
11.24455344,4
11.39430562,4
11.23513482,4
11.35301222,4
11.32487729,4
11.37643593,4
11.29852962,4
11.37562507,4
11.31555242,4
11.36360963,4
11.56555218,4
11.35318547,4
11.43234579,4
11.36070844,4
11.42306119,4
11.37758629,4
11.33085118,4
11.42464205,4
11.45497417,4
11.31827398,4
11.20105712,4
11.52544152,4
11.19496945,4
11.33631754,4
11.28444219,4
11.33189893,4
11.17172969,4
11.50210715,4
11.45993393,4
11.38384634,4
11.29505504,4
11.32073284,4
11.36315694,4
11.28517701,4
11.37635966,4
11.38652161,4
11.44798239,4
11.32427287,4
11.44998822,4
11.44604093,4
11.44960057,4
11.43905369,4
11.56015396,4
11.63243634,4
11.33748888,4
11.47802421,4
11.36578792,4
11.48344559,4
11.39640658,4
11.52807773,4
11.4815224,4
11.40957311,4
11.46321073,4
11.48396265,4
11.42051069,4
11.25673879,4
11.44068673,4
11.35530492,4
11.45223473,4
11.44662457,4
11.56040326,4
11.63199608,4
11.4682546,4
11.68234529,4
11.46649679,4
11.36806111,4
11.39068068,4
11.41937242,4
11.3323764,4
11.40635161,4
11.37791131,4
11.34870506,4
11.56299365,4
11.49528129,4
11.37576346,4
11.41181579,4
11.48469012,4
11.4081445,4
11.27198786,4
11.47070301,4
11.36982193,4
11.43645047,4
11.39763194,4
11.50151519,4
11.51452605,4
11.43827844,4
11.42881295,4
11.64604472,4
11.58383043,4
11.48872297,4
11.28730535,3
11.29750761,3
11.33094665,3
11.37184773,3
11.3305139,3
11.29776469,3
11.2410235,3
11.19988941,3
11.22214971,3
11.04717891,3
11.01545179,3
11.15431663,3
11.25695582,3
11.19123271,3
11.17221718,3
11.07859396,3
11.19643696,3
11.20329288,3
11.08490084,3
11.14599593,3
11.20363251,3
11.01038015,3
11.03737417,3
11.33545223,3
11.31219244,3
11.27858911,3
11.22101597,3
11.28701973,3
11.33359598,3
11.39742024,3
11.35833825,3
11.25949158,3
11.40568801,3
11.37855852,3
11.39490474,3
11.26654022,3
11.43630863,3
11.40081393,3
11.35224094,3
11.40215655,3
11.30572283,3
11.22154762,3
11.44630401,3
11.33820979,3
11.23080918,3
11.36526024,3
11.38450156,3
11.44960624,3
11.46068102,3
11.39011973,3
11.40454444,3
11.31052556,3
11.44668985,3
11.31742519,3
11.48343149,3
11.41052279,3
11.53190103,3
11.46511092,3
11.33439444,3
11.43731273,3
11.4938468,3
11.35774288,3
11.26899867,3
11.43150892,3
11.28926042,3
11.3099573,3
11.2689973,3
11.2550342,3
11.30999515,3
11.29482393,3
11.31706898,3
11.3925184,3
11.35918323,3
11.33153427,3
11.3133693,3
11.37904268,3
11.21400133,3
11.13336425,3
11.12388204,3
11.15200126,3
11.12491285,3
11.1477235,3
11.10319762,3
11.16072106,3
11.2913201,3
11.17602096,3
11.45370884,3
11.27846808,3
11.09941951,3
11.02422765,3
11.18602504,3
11.05398356,3
11.0743932,3
11.34600362,3
11.24572044,3
11.37806953,3
11.40097847,3
11.41613243,3
11.35796953,3
11.2803514,3
11.32236665,3
11.2561262,3
11.25371552,3
11.23595952,3
11.22645834,3
11.15119369,3
11.54449751,3
11.3770992,3
11.3520482,3
11.43406588,3
11.33387452,3
11.33138013,3
11.42412299,3
11.34536856,3
11.39158554,3
11.48059498,3
11.31661799,3
11.32829731,3
11.41078146,3
11.33033666,3
11.13190889,3
11.22914912,3
11.25441809,3
11.37042351,3
11.43845367,3
11.34853571,3
11.47158079,3
11.49437964,3
11.42395963,3
11.29157423,3
11.37136914,3
11.33687092,3
11.30517229,3
11.34402838,3
11.26561813,3
11.25330334,3
11.27437656,3
11.1996528,3
11.29726058,3
11.17519364,3
11.08709284,3
11.37742046,3
11.20056552,3
11.17765877,3
11.11815213,3
11.04461612,3
11.45278957,3
11.40866275,3
11.25464945,3
11.26149279,3
11.22244676,3
11.25966219,3
11.37188306,3
11.2071027,3
11.29804646,3
11.17095576,3
11.14877559,3
11.31448409,3
11.26893053,3
11.09160005,3
11.11565295,3
11.32254654,3
11.20009803,3
11.42730191,3
11.20654141,3
11.26215489,3
11.13168517,3
11.38731586,3
11.26213793,3
11.24571328,3
11.28462652,3
11.12540309,3
11.01904841,3
11.34355818,3
11.10413696,3
11.16704114,3
11.1850823,3
11.45376075,3
11.42964303,3
11.38949034,3
11.36544422,3
11.46661549,3
11.35839204,3
11.32766161,3
11.34880564,3
11.44900918,3
11.37357324,3
11.30335825,3
11.48551856,3
11.32268701,3
11.41472676,3
11.31858793,3
11.36890364,3
11.32656627,3
11.34195858,3
11.41853948,3
11.28807504,3
11.36412794,3
11.34012428,3
11.35499865,3
11.42099404,3
11.41471535,3
11.38865829,3
11.31785791,3
11.3460139,3
11.3122072,3
11.34097209,3
11.23658258,3
11.30472795,3
11.22411582,3
11.30398509,3
11.18405392,3
11.08227135,3
11.15343156,3
11.30854391,3
11.14621705,3
11.35098691,3
10.98890354,3
10.99573658,3
11.29363448,3
11.33688823,3
11.39459485,3
11.3715507,3
11.39272224,3
11.4635299,3
11.39153554,3
11.20179341,3
11.05720229,3
11.22467909,3
11.09759173,3
11.35006016,3
11.34091553,3
11.32847644,3
11.20110283,3
11.22739352,3
11.06126351,3
11.47018867,3
11.44983527,3
11.34589299,3
11.43430899,3
11.35455349,3
11.32185294,3
11.4057991,3
11.38431801,3
11.27974077,3
11.48861776,3
11.3256431,3
11.34202864,3
11.32182915,3
11.32568383,3
11.46671983,3
11.31950506,3
11.38012692,3
11.44374995,3
11.38339848,3
11.32813067,3
11.36163433,3
11.34209476,3
11.42044806,3
11.36177474,3
11.41816012,3
11.45925484,3
11.41814134,3
11.37162048,3
11.35079376,3
11.33426824,3
11.41513268,3
11.31342888,3
11.38413133,3
11.38553963,3
11.45197738,3
11.37280125,3
11.38525943,3
11.46704206,3
11.36464629,3
11.44224773,3
11.32769832,3
11.27933671,3
11.08649902,3
11.37007957,3
11.34989563,3
11.3875053,3
11.36902037,3
11.37663067,3
11.31930249,3
11.29215907,3
11.40033352,3
11.46108983,3
11.31142901,3
11.1939324,3
11.3769229,3
11.38577108,3
11.48014332,3
11.26450931,3
11.4403719,3
11.50975764,3
11.43511833,3
11.42927126,3
11.52834023,3
11.32588254,3
11.1583208,3
11.49490277,3
11.36839267,3
11.4516886,3
11.29714895,3
11.47563258,3
11.34598976,3
11.44643302,3
11.40441013,3
11.37698336,3
11.31031936,3
11.16054465,3
11.25263524,3
11.27155922,3
11.20028096,3
11.44482274,3
11.26729169,3
11.30797124,3
11.26745733,3
11.23772004,3
11.16535946,3
11.27828418,3
11.33199141,3
11.34104429,3
11.30009434,3
11.23233463,3
11.22048677,3
11.28265229,3
11.16939542,3
11.27774866,3
11.27454415,3
11.12551518,3
11.28538546,3
11.39616477,3
11.28975758,3
11.34551602,3
11.17722154,3
11.14786242,3
11.31406017,3
11.2518458,3
11.19203673,3
11.10026767,3
11.08266231,3
11.07122168,3
11.14457071,3
11.34211165,3
11.05436506,3
11.22177616,3
11.27977386,3
11.17321756,3
11.07336507,3
11.09859407,3
10.99132462,3
11.13175095,3
11.11292041,3
10.90710022,3
11.42932979,3
10.89105021,3
11.13054201,3
11.18813626,3
10.89281382,3
10.85965418,3
11.48870994,3
11.2757881,3
11.45002873,3
11.38283112,3
11.32826197,3
11.31138137,3
11.31186521,3
11.30634698,3
11.27462678,3
11.28130813,3
11.24376423,3
11.19394172,3
11.32228975,3
11.45752216,3
11.43273003,3
11.31979592,3
11.35536122,3
11.31875714,3
11.324862,3
11.31296786,3
11.3355032,3
11.28268636,3
11.30765591,3
11.4172628,3
11.30326926,3
11.21085841,3
11.34997126,3
11.37447721,3
11.34229336,3
11.33257323,3
11.44197433,3
11.38980422,3
11.36534669,3
11.39272495,3
11.31853806,3
11.19382752,3
11.3659151,3
11.16657115,3
11.23227677,3
11.33846306,3
11.39342466,3
11.34852093,3
11.28473404,3
11.43212008,3
11.53603251,3
11.37184117,3
11.3869689,3
11.44893837,3
11.44518326,3
11.41668502,3
11.37741686,3
11.46291192,3
11.44207358,3
11.57654714,3
11.43038711,3
11.50186601,3
11.53705611,3
11.54513041,3
11.36075681,3
11.43071696,3
11.54960294,3
11.39045481,3
11.38535284,3
11.39911843,3
11.50397875,3
11.52982082,3
11.51889738,3
11.47489447,3
11.3567738,3
11.36779129,3
11.23737377,3
11.212567,3
11.35490654,3
11.36674659,3
11.37173753,3
11.31146007,3
11.12230557,3
11.17060745,3
11.08691916,3
11.24684937,3
11.26280661,3
11.22156087,3
11.08544643,3
11.22909489,3
11.43190389,3
11.3940713,3
11.39477404,3
11.31584657,3
11.39280622,3
11.33906186,3
11.25395936,3
11.28763813,3
11.32653615,3
11.28316369,3
11.31853939,3
11.41908569,3
11.41462523,3
11.35873345,3
11.34735389,3
11.45296324,3
11.52749129,3
11.56322227,3
11.61758312,3
11.44523742,3
11.40661968,3
11.27548376,3
11.39183092,3
11.29874317,3
11.48208716,3
11.35356132,3
11.36047214,3
11.40668082,3
11.51465025,3
11.49168652,3
11.3483546,3
11.37041366,3
11.44269983,3
11.41395989,3
11.4626057,3
11.52477631,3
11.51709857,3
11.34952422,3
11.41874216,3
11.46677199,3
11.38168587,3
11.28112531,3
11.32913501,3
11.42803568,3
11.44367785,3
11.34299123,3
11.39720285,3
11.31672026,3
11.42662305,3
11.34356802,3
11.26297312,3
11.38876542,3
11.33438617,3
11.41179423,3
11.43509353,3
11.54044831,3
11.37274992,3
11.40558306,3
11.44678602,3
11.36112241,3
11.40047304,3
11.32121288,3
11.322363,3
11.25924495,3
11.23521236,3
11.37250412,3
11.4915628,3
11.35435391,3
11.35909242,3
11.38605975,3
11.35210979,3
11.38296153,3
11.26518213,3
11.30202194,3
11.30448557,3
11.2527715,3
11.18201546,3
11.44832433,3
11.09019531,3
11.33588432,3
11.21622032,3
11.27607417,3
11.18345862,3
11.1907065,3
11.10427764,3
11.33424944,3
11.27839243,3
11.31996526,3
11.3653071,3
11.31924165,3
11.11405362,3
11.11642215,3
11.17882988,3
11.2605297,3
11.46579463,3
11.21560918,3
11.21988166,3
11.2635678,3
11.04826385,3
11.37214561,3
11.1568467,3
11.07704397,3
11.01781004,3
11.12563503,3
11.14919009,3
11.32003604,3
11.32190215,3
11.33399655,4
11.48904629,4
11.23953812,4
11.22081536,4
11.24132296,4
11.30158671,4
11.49655309,4
11.44697286,4
11.33830603,4
11.53653243,4
11.49478197,4
11.40944127,4
11.33095432,4
11.38715551,4
11.39492295,4
11.30759845,4
11.348072,4
11.32819872,4
11.540652,4
11.43686752,4
11.32369664,4
11.41263248,4
11.31203035,4
11.28331177,4
11.30087095,4
11.36967145,4
11.11853498,4
11.36413321,4
11.36635068,4
11.17809131,4
11.32226553,4
11.17407449,4
11.2813634,4
11.34770186,4
11.32481537,4
11.3024794,4
11.3647803,4
11.31303567,4
11.56776845,4
11.54047572,4
11.37064763,4
11.43094381,4
11.46856026,4
11.43027871,4
11.37472941,4
11.38725882,4
11.37426517,4
11.23867727,4
11.37082003,4
11.49937615,4
11.42113886,4
11.35818554,4
11.28786191,4
11.20016609,4
11.41217152,4
11.37369744,4
11.45081603,4
11.42108952,4
11.51882126,4
11.42783101,4
11.50708629,4
11.53196205,4
11.53008385,4
11.27524853,4
11.38374447,4
11.35131374,4
11.26505378,4
11.42253445,4
11.42823114,4
11.42407357,4
11.42298211,4
11.32781357,4
11.40132844,4
11.36178873,4
11.30542624,4
11.30090202,4
11.38240944,4
11.35890628,4
11.27592612,4
11.21923786,4
11.14473386,4
11.33953893,4
11.2179273,4
11.35275874,4
11.37698288,4
11.36580544,4
11.37379311,4
11.16062462,4
11.24496936,4
11.27317991,4
11.30208597,4
11.29489135,4
11.6092197,4
11.27238498,4
11.3435625,4
11.29133084,4
11.39340395,4
11.31392257,4
11.30477998,4
11.28096644,4
11.39908644,4
11.26008995,4
11.44520936,4
11.21917545,4
11.41524267,4
11.47088679,4
11.35416451,4
11.4914031,4
11.35696772,4
11.44919726,4
11.41292147,4
11.37386628,4
11.39520055,4
11.48188346,4
11.2832611,4
11.38750108,4
11.37088136,4
11.31404078,4
11.30619459,4
11.23588809,4
11.3041847,4
11.31765017,4
11.45762409,4
11.29796854,4
11.25999026,4
11.1834615,4
11.2033093,4
11.20405421,4
11.21380409,4
11.27863712,4
11.4580173,4
11.33710192,4
11.40811404,4
11.47517827,4
11.58000636,4
11.56764777,4
11.18721259,4
11.38260974,4
11.39827037,4
11.33535282,4
11.32971122,4
11.4445055,4
11.41638281,4
11.30003618,4
11.31921269,4
11.30757016,4
11.21876413,4
11.15252578,4
11.45636681,4
11.3290915,4
11.24353329,4
11.27851657,4
11.44304917,4
11.43662435,4
11.46777422,4
11.45760357,4
11.43491299,4
11.18120339,4
11.31686432,4
11.2677155,4
11.374071,4
11.23976944,4
11.33126416,4
11.4122816,4
11.28730715,4
11.17648183,4
11.343381,4
11.28708456,4
11.08694722,4
11.23688974,4
11.4771939,4
11.27122434,4
11.2944226,4
11.27145927,4
11.23520652,4
11.06502325,4
11.40687785,4
11.47520749,4
11.50091387,4
11.42191012,4
11.31292087,4
11.17022133,4
11.24915999,4
11.25558991,4
11.36670708,4
11.3251773,4
11.42448579,4
11.25166331,4
11.4196742,4
11.33014038,4
11.24990059,4
11.23527142,4
11.30123823,4
11.25995611,4
11.29224178,4
11.33608696,4
11.28809373,4
11.22836144,4
11.24791891,4
11.52080262,4
11.20508586,4
11.18801937,4
11.27300859,4
11.29996242,4
11.4409908,4
11.36956738,4
11.31611769,4
11.27108587,4
11.40610962,4
11.27198944,4
11.44755031,4
11.36998915,4
11.29703086,4
11.3739687,4
11.31197194,4
11.25204901,4
11.27481571,4
11.34615161,4
11.47536617,4
11.45206176,4
11.27620012,4
11.47868659,4
11.23196685,4
11.26607464,4
11.30925053,4
11.26401683,4
11.28478333,4
11.19241031,4
11.3077801,4
11.34976631,4
11.29846789,4
11.42974087,4
11.43807256,4
11.36471478,4
11.34782181,4
11.26416693,4
11.37814539,4
11.21119578,4
11.40783049,4
11.29886473,4
11.19894148,4
11.27949382,4
11.23110482,4
11.46034144,4
11.25174229,4
11.24187768,4
11.16053082,4
11.38651577,4
11.39809554,4
11.40327672,4
11.39429163,4
11.35751201,4
11.47842418,4
11.43287203,4
11.35140383,4
11.38613394,4
11.44292243,4
11.33306735,4
11.2430293,4
11.13170503,4
11.36563596,4
11.33185934,4
11.28708418,4
11.37969794,4
11.2376136,4
11.34540714,4
11.44614287,4
11.20161553,4
11.18847775,4
11.35308965,4
11.35807284,4
11.4273395,4
11.2424315,4
11.12458557,4
11.23199479,4
11.23204315,4
11.25263193,4
11.25746692,4
11.25756893,4
11.23907955,4
11.21502799,4
11.25804107,4
11.38560238,4
11.13350567,4
11.29435481,4
11.26332701,4
11.40604771,4
11.35611038,4
11.35420808,4
11.39953806,4
11.3164545,4
11.38451635,4
11.39220523,4
11.43862594,4
11.2242416,4
11.30418697,4
11.21493998,4
11.34487568,4
11.36535429,4
11.35459871,4
11.26332583,4
11.36940703,4
11.43258794,4
11.39050748,4
11.43798458,4
11.37360839,4
11.39559519,4
11.41217644,4
11.31412577,4
11.39756155,4
11.38258517,4
11.31218825,4
11.17715331,4
11.22897726,4
11.19505581,4
11.54152156,4
11.42557713,4
11.36012395,4
11.23691735,4
11.1772543,4
11.14334902,4
11.40589348,4
11.23411452,4
11.33779482,4
11.30365607,4
11.24855487,4
11.61054518,4
11.20449161,4
11.23395874,4
11.27695774,4
11.25154412,4
11.31115802,4
11.14266968,4
11.32431915,4
11.43276093,4
11.52312715,4
11.34277038,4
11.26069096,4
11.18642259,4
11.35801416,4
11.30196041,4
11.35412836,4
11.39545177,4
11.11796984,4
11.26691857,4
11.17536504,4
11.20437446,4
11.19696628,4
11.31420147,4
11.13632024,4
11.25647293,4
11.34710288,4
11.36500357,4
11.32539796,4
11.2985917,4
11.31462285,4
11.33817853,4
11.19775878,4
11.25711392,4
11.27819165,4
11.35451673,4
11.2796957,4
11.18888734,4
11.33515395,4
11.4488763,4
11.29724852,4
11.27196794,4
11.249422,4
11.28396117,4
11.45927318,4
11.4185555,4
11.37091593,4
11.3266,4
11.33639724,4
11.44869385,4
11.36612521,4
11.58071848,4
11.440648,4
11.39455243,4
11.40541885,4
11.31884827,4
11.18295892,4
11.33817456,4
11.30897581,4
11.43820283,4
11.29921094,4
11.3453386,4
11.08140704,4
11.20005395,4
11.19181186,4
11.19364668,4
11.28342687,4
11.26989035,4
11.29515346,4
11.33529715,4
11.2744149,4
11.34031215,4
11.29137114,4
11.22771109,4
11.10031073,4
11.39124586,4
11.3401904,4
11.39718364,4
11.4461432,4
11.48835565,4
11.40198233,4
11.43057664,4
11.38905494,4
11.3998884,4
11.34541699,4
11.4143937,4
11.33475382,4
11.3494131,4
11.3928887,4
11.30366328,4
11.32927665,4
11.29315971,4
11.36373712,4
11.16048548,4
11.30464896,4
11.32079558,4
11.23714311,4
11.20551862,4
11.29223665,4
11.36800306,4
11.39943974,4
11.24149528,4
11.29736484,4
11.29358879,4
11.27574939,4
11.39019586,4
11.23187536,4
11.32731181,4
11.29665982,4
11.37724858,4
11.35540859,4
11.25176595,4
11.3448857,4
11.29779522,4
11.27706041,4
11.24312252,4
11.50073061,4
11.38474069,4
11.42376065,4
11.34563363,4
11.40304993,4
11.33795759,4
11.41258664,4
11.36314436,4
11.43739269,4
11.38367213,4
11.38943872,4
11.36470038,4
11.31165046,4
11.47256064,4
11.43890502,4
11.31931491,4
11.39250418,4
11.51780524,4
11.4181764,4
11.50149607,4
11.41436809,4
11.40315564,4
11.40148088,4
11.3567117,4
11.36471195,4
11.51365052,4
11.44561931,4
11.40409141,4
11.34570351,4
11.51143739,4
11.26092381,4
11.3692491,4
11.29952068,4
11.33897277,4
11.27486925,4
11.29237198,4
11.26472344,4
11.28432015,4
11.38396543,4
11.36890693,4
11.32712423,4
11.33777153,4
11.44244178,4
11.20173292,4
11.43233748,4
11.33661435,4
11.42029353,4
11.40194533,4
11.39059958,4
11.41877596,4
11.28951628,4
11.26777529,4
11.39998833,4
11.41413659,4
11.2968293,4
11.39458138,4
11.28905007,4
11.2843089,4
11.38420854,4
11.30283277,4
11.36007486,4
11.20493139,4
11.23918634,4
11.33712685,4
11.35411178,4
11.43913399,4
11.53833944,4
11.28011995,4
11.44254154,4
11.41393281,4
11.26360463,4
11.27957136,4
11.50180441,4
11.31999388,4
11.26823831,4
11.32132086,4
11.24076536,4
11.37536528,4
11.35629035,4
11.42818572,4
11.45686689,4
11.30337791,4
11.2962717,4
11.29355915,4
11.38366749,4
11.33918804,4
11.23247981,4
11.4776306,4
11.31465017,4
11.52753618,4
11.36165426,4
11.47787907,4
11.38698917,4
11.35778765,4
11.36194082,4
11.34029151,4
11.07155415,4
11.06628212,4
11.19268802,5
11.24213819,5
11.25128843,5
11.24562554,5
11.13503675,5
11.26942996,5
11.21921555,5
11.18713675,5
11.18919345,5
11.08669019,5
10.93882536,5
11.3123121,5
11.11754113,5
11.17508028,5
11.12178622,5
11.15684105,5
11.15012889,5
11.33466507,5
11.3406253,5
11.33078797,5
11.32364767,5
11.19725651,5
11.12851005,5
11.19433808,5
11.24231785,5
11.1474423,5
11.2283156,5
11.09314164,5
11.21289422,5
11.22927836,5
11.01189301,5
10.97901363,5
11.08534105,5
11.36305909,5
10.92684124,5
11.17074275,5
11.12242808,5
11.13541248,5
11.20212594,5
11.24245701,5
11.26340196,5
11.26706114,5
11.33273383,5
11.33055601,5
11.36256024,5
11.3413017,5
11.01776295,5
11.00577508,5
11.12503456,5
11.05990874,5
11.1162628,5
11.021504,5
10.76410908,5
10.96568081,5
11.24055128,5
11.21612394,5
11.2200963,5
11.17719065,5
11.21331662,5
11.07246888,5
10.83846099,5
11.21152319,5
11.25158669,5
10.93832989,5
11.0583347,5
10.94247667,5
11.18021924,5
10.93543142,5
11.08773926,5
11.06892557,5
11.25506706,5
11.16299883,5
11.19342818,5
11.19023569,5
10.91711968,5
10.94870776,5
10.88760979,5
11.18566999,5
11.20928452,5
11.30461158,5
11.06016428,5
11.41244225,5
11.27895333,5
11.19157131,5
11.05205737,5
11.16104354,5
11.04949786,5
11.20834233,5
11.15580612,5
11.16883485,5
11.15728541,5
11.12571436,5
10.8698653,5
10.96385811,5
11.06747696,5
11.0049776,5
11.17420004,5
11.18202325,5
11.16518642,5
11.20614976,5
10.9666775,5
11.1660603,5
10.94229438,5
11.04551908,5
11.21741838,5
11.11378902,5
11.11290012,5
11.09487294,5
11.09596039,5
10.9839174,5
11.08542326,5
10.85285633,5
11.37428197,5
10.8908966,5
10.81200166,5
10.89157185,5
11.12547215,5
11.12837296,5
11.1400594,5
11.25254951,5
11.18620378,5
11.12760888,5
11.01804978,5
11.29985707,5
11.28606157,5
11.28587405,5
11.18853817,5
11.15361487,5
11.21378446,5
11.07740465,5
11.1400594,5
11.25254951,5
11.18620378,5
11.12760888,5
11.35384024,5
11.26209241,5
11.23742339,5
11.23262874,5
11.00396252,5
11.07563777,5
11.15745101,5
11.21381704,5
11.1643921,5
11.08251637,5
11.0307736,5
11.08585449,5
10.91304782,5
11.01632129,5
11.0616256,5
11.29006978,5
11.08100226,5
11.06113602,5
11.01834331,5
11.16232454,5
11.29022373,5
11.31003937,5
11.13659433,5
11.25283898,5
11.07522843,5
11.09968726,5
11.13269487,5
11.03042429,5
11.18078343,5
11.12567956,5
11.11110549,5
11.09280769,5
11.11300176,5
11.03894836,5
11.06428394,5
11.19285744,5
11.06052357,5
11.07774522,5
11.20117251,5
11.19487571,5
11.29710709,5
11.25584457,5
11.14837645,5
11.3255909,5
11.16991528,5
11.18157708,5
11.29206829,5
11.10751588,5
11.15798186,5
11.31516354,5
11.17029818,5
11.10264025,5
11.1593076,5
11.14141302,5
11.10233681,5
10.91243113,5
10.9541616,5
11.01906312,5
11.16169718,5
11.07866452,5
11.07942399,5
11.23122822,5
11.22660958,5
11.20125661,5
11.066157,5
11.12574102,5
10.97768208,5
11.10525773,5
10.95374148,5
11.08152147,5
11.04255804,5
11.20456796,5
11.04700402,5
10.93887667,5
11.00954796,5
11.11868448,5
11.14204139,5
10.9860662,5
10.99025051,5
10.97646213,5
10.98565237,5
10.8086348,5
10.87612237,5
11.19905674,5
11.20280096,5
11.11162243,5
11.29352655,5
11.17909039,5
11.05795455,5
11.28385867,5
11.23008288,5
11.19137363,5
11.09331636,5
11.06401575,5
11.03670288,5
11.11464542,5
11.11673677,5
11.16995684,5
11.11716113,5
11.0074032,5
11.06034398,5
11.11678374,5
11.06572769,5
11.11020089,5
10.90928401,5
10.96307393,5
11.17178926,5
11.10962584,5
11.35384024,5
11.02923928,5
11.14477291,5
10.93552376,5
10.96359137,5
10.92476902,5
10.93097077,5
11.14732328,5
11.07774634,5
11.02634889,5
10.92537091,5
11.26209241,5
11.21804837,5
11.00146375,5
11.19044125,5
11.09924054,5
10.8825473,5
10.85075807,5
10.8309441,5
11.04438859,5
10.92043639,5
10.93244076,5
11.23742339,5
11.09361644,5
10.98909939,5
11.07435201,5
11.15670613,5
11.11770744,5
11.24006193,5
10.85349048,5
10.81870457,5
11.12506141,5
11.115729,5
11.23262874,5
11.13555182,5
11.12287778,5
11.03495245,5
11.03536577,5
10.99245126,5
11.17955292,5
11.13567051,5
11.00396252,5
11.17487678,5
11.23032001,5
11.25822856,5
11.46307661,5
11.36139798,5
11.49987962,5
11.50331598,5
11.50908559,5
11.40936299,5
11.41870589,5
11.37682121,5
11.42558394,5
11.43138474,5
11.35694627,5
11.25879503,5
11.30365804,5
11.27286028,5
11.34535033,5
11.33106254,5
11.14877404,5
11.26263363,5
11.40475346,5
11.43927733,5
11.40229304,5
11.32099323,5
11.4618312,5
11.4121677,5
11.24011009,5
11.3842957,5
11.23089676,5
11.28274217,5
11.19503343,5
11.29743201,5
11.31556963,5
11.3957734,5
11.4784469,5
11.37893883,5
11.39469239,5
11.38921553,5
11.37644076,5
11.39751218,5
11.33758121,5
11.30053478,5
11.2862433,5
11.23643863,5
11.3463099,5
11.44888234,5
11.23631284,5
11.24448803,5
11.1130517,5
11.11207756,5
11.05502745,5
11.16620965,5
11.15421584,5
11.28545165,5
11.23163277,5
11.30185546,5
11.29642307,5
11.3194978,5
11.3620281,5
11.19027294,5
11.23071294,5
11.29451002,5
11.29782668,5
11.26063405,5
11.34725246,5
11.33756282,5
11.29360228,5
11.37483646,5
11.35905459,5
11.29558225,5
11.3259894,5
11.21433031,5
11.32863888,5
11.18881821,5
11.27302872,5
11.26451211,5
11.23219556,5
11.08693795,5
11.42558285,5
11.01730846,5
11.16769393,5
11.11017608,5
11.21198883,5
11.06794301,5
11.30826355,5
11.10943839,5
11.06301282,5
11.15859163,5
11.48824477,5
11.28532372,6
11.32549573,6
10.95037775,6
10.85155563,6
10.92164086,6
10.957552,6
10.91868763,6
11.02923801,6
11.14393511,6
11.26528511,6
11.3168997,6
11.22557981,6
11.36030771,6
11.29136501,6
11.19402427,6
11.10207352,6
11.25420493,6
11.21940202,6
11.27118085,6
11.38251107,6
11.22556554,6
11.2996107,6
11.2641264,6
11.35553941,6
11.31243598,6
11.17809081,6
11.19824222,6
11.22285227,6
11.2634617,6
11.1188669,6
11.37218111,6
11.1204545,6
11.19591322,6
11.28274466,6
11.24382033,6
11.30679982,6
11.13339675,6
11.17881407,6
11.14582999,6
11.18237962,6
11.18819762,6
11.26558392,6
11.20785329,6
11.17976064,6
11.08397968,6
11.14501265,6
11.23737269,6
11.08279129,6
11.23627861,6
11.28660521,6
11.19349166,6
11.18058322,6
11.28422552,6
11.21661457,6
11.20005093,6
11.23504649,6
11.29683766,6
11.22123408,6
11.14755072,6
11.17028283,6
11.06680799,6
11.20132549,6
11.27079117,6
11.30973878,6
11.27374008,6
11.31633182,6
11.27989118,6
11.11342518,6
11.09276018,6
11.26574927,6
11.22245402,6
11.22576455,6
11.12107738,6
11.10696069,6
11.24072877,6
11.00204456,6
11.00903909,6
11.24490296,6
11.19993915,6
11.09068078,6
11.10020452,6
11.29024869,6
11.20221243,6
11.24351271,6
11.29896531,6
11.31414656,6
11.20063361,6
11.19052865,6
11.1551739,6
11.10967026,6
11.14622548,6
11.11337696,6
11.2696835,6
11.16632691,6
11.25055294,6
11.09402297,6
11.25286395,6
11.04579148,6
11.20298379,6
11.0282612,6
10.92347046,6
10.90080126,6
10.84842963,6
10.90531218,6
10.98300528,6
11.1407243,6
11.07085544,6
11.16031639,6
11.303428,6
11.3759913,6
11.19105393,6
11.12582733,6
11.16055649,6
11.15513304,6
11.18439246,6
11.17655404,6
11.07931486,6
11.20132344,6
11.17849803,6
11.22415376,6
11.36109415,6
11.25174984,6
11.24767603,6
11.19989407,6
11.16626806,6
11.17886564,6
11.07947518,6
11.10678349,6
11.08437628,6
11.25636853,6
11.0990873,6
11.23085152,6
11.20987091,6
11.14444367,6
11.17484209,6
11.26998178,6
11.17620832,6
11.19905593,6
11.16496249,6
11.28705473,6
11.1063241,6
11.30944764,6
11.28215484,6
11.15303456,6
11.15552851,6
11.22707453,6
11.12870583,6
11.07904298,6
11.11820805,6
11.05700704,6
11.12123838,6
11.36613863,6
11.16402859,6
11.00086257,6
11.05308023,6
11.25800951,6
11.16784104,6
11.16697868,6
11.18993504,6
11.19239958,6
11.2759268,6
11.21194728,6
11.23195847,6
11.18071754,6
11.11972216,6
11.03394889,6
11.2423405,6
11.27726301,6
11.26263364,6
11.14734062,6
11.12599594,6
11.15322142,6
11.0061771,6
11.32567441,6
10.91474145,6
11.13204646,6
11.25307469,6
11.12738562,6
11.15148638,6
10.92589882,6
11.06083492,6
11.0582662,6
11.01866097,6
11.06939548,6
11.36838277,6
11.10106696,6
11.05830285,6
11.00692775,6
11.13758532,6
11.13579489,6
11.15421272,6
11.13236145,6
10.93470552,6
11.04605538,6
11.0970944,6
11.27405237,6
11.27909755,6
11.14106803,6
11.10482738,6
11.02421853,6
10.98559954,6
11.00352622,6
10.96588523,6
11.06512114,6
11.18827916,6
11.28396467,6
11.22554132,6
11.21474232,6
11.20397768,6
11.22973348,6
11.1798884,6
11.23470058,6
11.22082357,6
11.31485584,6
11.25258833,6
11.32565779,6
11.25562053,6
11.38662897,6
11.25838678,6
11.17748388,6
11.1492565,6
11.32289954,6
11.16903377,6
11.21230269,6
11.07619845,6
11.18883538,6
11.26626923,6
11.22047011,6
11.26804459,6
11.3084933,6
11.19300591,6
11.24405948,6
11.21095733,6
11.25866205,6
11.2027875,6
11.21418201,6
11.15358572,6
11.32393815,6
11.24752042,6
11.20398644,6
11.25282936,6
11.29766565,6
11.11592208,6
11.16493571,6
11.1368335,6
11.12638696,6
11.15440163,6
11.25063466,6
11.37094833,6
11.19305583,6
11.04890405,6
11.13596568,6
11.21239926,6
11.19805065,6
11.21606957,6
11.17848213,6
11.19805513,6
11.25707475,6
11.30489373,6
11.26588304,6
11.15112775,6
11.09496785,6
11.12660386,6
11.26494662,6
11.19057332,6
11.13400287,6
11.2005331,6
11.42222277,6
11.35342729,6
11.27208706,6
11.14811689,6
11.22152528,6
11.0509636,6
10.97749901,6
10.82889057,6
11.05496275,6
11.16157928,6
11.18580219,6
11.18398045,6
11.17513774,6
11.18806866,6
11.2134363,6
11.10390719,6
11.04544962,6
11.24177352,6
11.18077786,6
11.43384551,6
11.31295431,6
11.21233747,6
11.26301146,6
11.08878111,6
11.08316066,6
11.2219928,6
11.22584393,6
11.2246765,6
11.2303656,6
11.20486729,6
11.26763162,6
11.27921224,6
11.09523982,6
11.0539024,6
11.09831386,6
11.07476045,6
11.14328965,6
11.21937447,6
11.02345299,6
11.35461998,6
11.10144798,6
11.23271216,6
11.28192794,6
11.09978691,6
11.24017055,6
11.09267014,6
11.21690124,6
11.15005428,6
11.1326454,6
11.232939,6
11.16686927,6
11.1044232,6
11.20562551,6
11.1367363,6
11.2184526,6
11.08627928,6
11.12344239,6
11.14309246,6
11.21708422,6
11.11853578,6
11.16954689,6
11.22218105,6
11.32012306,6
11.10987984,6
10.99141869,6
11.24996816,6
11.10015769,6
11.08348796,6
11.106198,6
10.99540487,6
11.11004755,6
11.21533161,6
11.25685579,6
11.18780487,6
11.13589139,6
11.04970481,6
11.10453348,6
11.03361251,6
11.01866676,6
11.19296452,6
10.97904827,6
10.90165636,6
10.85412333,6
11.2273926,6
11.01487041,6
11.07166247,6
11.05495308,6
11.08029583,6
11.04748602,6
11.03083327,6
10.86623794,6
10.77115355,6
10.77614332,6
10.88586094,6
11.15874305,6
10.81914674,6
10.81551123,6
10.87181646,6
11.00166041,6
11.0861176,6
11.02043837,6
11.02052436,6
10.7978511,6
10.74707168,6
10.90332466,6
11.09922306,6
10.84011529,6
10.81603852,6
10.95549959,6
10.80491707,6
11.35453906,6
11.3234705,6
11.36062959,6
11.31329697,6
11.31140776,6
11.4885903,6
11.26338435,6
11.34432226,6
11.41870439,6
11.29537619,6
11.29246336,6
11.32038349,6
11.1956112,6
11.27251623,6
11.31317459,6
11.23896681,6
11.41041455,6
11.2814924,6
11.37013678,6
11.32889091,6
11.15009896,6
11.21136388,6
11.32491813,6
11.16479689,6
11.30675213,6
11.32891632,6
11.29583099,6
11.2158088,6
11.24102385,6
11.20309385,6
11.20851992,6
11.36055707,6
11.33103085,6
11.44288077,6
11.30195122,6
11.24031799,6
11.23481026,6
11.23139338,6
11.2563871,6
11.20591388,6
11.26015644,6
11.27570566,6
11.22156045,6
11.18764059,6
11.33363327,6
11.28990533,6
11.32743429,6
11.32876133,6
11.48208182,6
11.19107753,6
11.31826116,6
11.37043005,6
11.35683988,6
11.31131693,6
11.32205198,6
11.28895945,6
11.25933301,6
11.30544771,6
11.15722809,6
11.16249875,6
11.34662144,6
11.23665743,6
11.25284835,6
11.2710382,6
11.22698334,6
11.24489109,6
11.37734378,6
11.25509582,6
11.16826474,6
11.30052138,6
11.26158894,6
11.14608803,6
10.99049426,6
11.20872873,6
11.17266119,6
11.19675322,6
11.02942347,6
11.32165873,6
11.15102381,6
11.085308,6
11.07414344,6
11.10120866,6
11.01043067,6
11.09417627,6
11.13043564,6
11.31231776,6
11.29747867,6
11.4934804,5
11.11089031,5
11.1760604,5
11.06144498,5
11.18585297,5
11.09793316,5
11.18079075,5
11.2393635,5
11.22504014,5
11.39869198,5
11.18243174,5
11.29131316,5
11.16549086,5
10.95730853,5
10.99446769,5
11.10649215,5
10.96876819,5
10.88306302,5
11.02394488,5
11.06975102,5
11.10202126,5
10.93852388,5
11.31666504,5
10.917356,5
10.98066131,5
10.86869468,5
11.32410759,5
11.25243395,5
11.31684918,5
11.29903894,5
11.30132482,5
11.1779682,5
11.21971006,5
11.09564135,5
11.11785783,5
11.14753037,5
11.14428913,5
11.20669943,5
11.1754834,5
11.12314457,5
11.19618583,5
11.23374658,5
11.29904081,5
11.13127336,5
10.96764337,5
11.07426472,5
11.07209608,5
11.00442665,5
11.00967954,5
10.98299058,5
11.06348044,5
11.08490096,5
11.01112272,5
11.05187614,5
11.21846331,5
11.11940812,5
11.3083722,5
11.20108224,5
10.99905437,5
11.1963883,5
11.15126024,5
11.12416447,5
11.04232844,5
11.07402712,5
11.18819415,5
11.14885855,5
10.99242496,5
11.00268712,5
10.86420162,5
11.39869198,5
10.8082994,5
10.93488323,5
10.85606457,5
10.92460207,5
10.79049162,5
10.83709774,5
10.84747563,5
10.86957221,5
10.99430255,5
10.84807559,5
11.18243174,5
10.76644685,5
10.84443661,5
10.91262285,5
11.25369287,5
11.25637803,5
11.19414455,5
11.20858286,5
11.30921223,5
11.35766401,5
11.35369166,5
11.16549086,5
11.16134646,5
11.40493954,5
11.37442222,5
11.22099364,5
11.0975581,5
10.93985055,5
11.07399291,5
11.00546575,5
11.05411214,5
10.97390314,5
10.95730853,5
10.99631484,5
10.9776644,5
10.9661404,5
10.92353228,5
10.91903681,5
11.02392381,5
11.03384942,5
10.97580522,5
10.9691975,5
11.02570766,5
11.25900829,5
10.98409283,5
11.07441112,5
11.01457422,5
10.93071271,5
11.12315412,5
11.11221631,5
11.0993168,5
11.1890275,5
11.13488596,5
11.1306223,5
11.0836807,5
10.96239125,5
11.26779317,5
11.2808326,5
11.15218095,5
11.07084643,5
11.18807097,5
11.00630184,5
11.3004803,5
11.32251389,5
11.29156428,5
11.24950913,5
10.85226381,5
11.10932067,5
11.11084681,5
11.2090702,5
11.20610852,5
11.22711536,5
11.14346676,5
11.23697718,5
11.26192276,5
11.07948325,5
11.14369452,5
11.27067516,5
11.24541495,5
11.06423073,5
10.9785239,5
11.08933712,5
11.06243951,5
11.04604982,5
10.91663817,5
11.21867909,5
11.1591219,5
11.18751716,5
11.13267293,5
11.17780202,5
11.10760867,5
11.05782133,5
11.05655872,5
11.16532991,5
11.13805792,5
11.26954372,5
11.1908448,5
11.16809738,5
10.9914493,5
11.08601726,5
10.86901298,5
10.91198213,5
11.0629186,5
10.95814112,5
10.95285505,5
10.97250389,5
10.89809794,5
10.96375658,5
10.83640405,5
10.98608449,5
11.10640107,5
11.02847055,5
10.90593738,5
11.2170107,5
11.19971183,5
11.0338072,5
10.93353666,5
10.83209238,5
10.93542165,5
11.24924737,5
11.23510215,5
11.1315001,5
11.22416951,5
11.25064479,5
11.35292313,5
11.42836746,5
11.15176374,5
11.21346073,5
11.28073685,5
11.13692895,5
11.23773165,5
11.0915614,5
11.208269,5
11.13578745,5
11.18242356,5
11.05515303,5
11.00718475,5
11.29643768,5
11.09156974,5
11.00220288,5
10.99022655,5
10.93054617,5
11.09102824,5
10.94051345,5
10.91955193,5
11.02154429,5
11.07749258,5
11.19173497,5
11.34123292,5
11.06255192,5
11.1220588,5
11.18982638,5
11.20692261,5
11.12042255,5
11.10635229,5
11.16149552,5
11.13465629,5
11.00633956,5
10.98821454,5
10.95875435,5
10.86465588,5
11.03764852,5
11.00780642,5
10.98946977,5
10.9786028,5
10.98161322,5
10.9305798,5
10.84596815,5
10.88437356,5
10.9818918,5
10.96216661,5
10.88008227,5
11.08436937,5
10.93476982,5
11.06299547,5
11.03314543,5
11.09158631,5
11.01302914,5
10.97963755,5
10.92481765,5
10.83078156,5
11.12400503,5
10.72725368,5
10.82998665,5
10.90824082,5
10.79823494,5
10.74508917,5
10.78797631,5
10.69564692,5
10.98071727,5
10.85401373,5
10.96290623,5
10.88567164,5
10.89952522,5
10.91974757,5
11.00189763,5
11.0294723,5
11.40015445,5
11.30672611,5
11.23844344,5
11.2331616,5
11.18220266,5
11.28931541,5
11.16394524,5
11.27428343,5
11.06582255,5
11.24009857,5
11.24539426,5
11.30461275,5
11.16969622,5
11.26220167,5
11.13902455,5
11.25088558,5
11.13692611,5
11.05082918,5
11.03610549,5
11.28158103,5
11.34385286,5
11.29366142,5
11.14731064,5
11.2119674,5
11.29295106,5
11.29021747,5
11.12902127,5
11.33182653,5
11.06806063,5
11.26255336,5
11.2171299,5
11.29545267,5
11.41578985,5
11.08494746,5
11.22861734,5
11.20786404,5
11.24369194,5
11.31706585,5
11.23316015,5
11.32757152,5
11.28195454,5
11.08226059,5
11.09825455,5
11.14103754,5
11.1865682,5
11.16261357,5
11.23517505,5
11.21817179,5
11.17994729,5
11.11274942,5
11.12299414,5
11.17275757,5
11.22438237,5
11.13740029,5
11.18345211,5
11.20379765,5
11.33562711,5
11.20742594,5
11.06093705,5
11.0989859,5
11.11142888,5
10.997627,5
11.12604355,5
11.05880481,5
11.00491357,5
11.07648562,5
11.17132332,5
10.97072353,5
10.95199334,5
11.0263785,5
11.06759891,5
11.09996537,5
11.01776128,5
11.03811858,5
11.06586557,5
11.06218904,5
10.91068551,5
11.06254033,5
11.02499751,5
10.98409508,5
11.07342062,5
10.95927619,5
10.87452863,5
11.35784134,5
11.38364423,6
11.21701246,6
11.07321534,6
11.05040275,6
11.23322709,6
11.21300525,6
10.99752339,6
11.06103264,6
11.42503715,6
11.27613287,6
11.22875104,6
11.44195693,6
11.31007915,6
11.3609752,6
11.28636758,6
11.37105346,6
11.40190783,6
11.24070535,6
11.134116,6
11.16517295,6
11.2856529,6
11.15200379,6
11.39520372,6
11.21002215,6
11.03770276,6
11.15929034,6
11.12826053,6
11.09310187,6
11.20162082,6
11.10633908,6
11.09355755,6
11.12359851,6
10.98096735,6
11.34176266,6
11.11038184,6
11.0714443,6
10.96746589,6
10.89570261,6
10.53827228,6
10.76846543,6
10.93352548,6
10.81641014,6
10.97169084,6
11.07508515,6
11.42527614,6
11.14068119,6
11.13841996,6
11.07447913,6
11.12170331,6
11.08969345,6
11.09776847,6
11.08997594,6
11.03258149,6
11.08357074,6
10.99434864,6
11.42307305,6
11.05032237,6
10.91473744,6
11.01202659,6
10.98982162,6
11.26162429,6
11.37196084,6
11.21650822,6
11.08034571,6
11.32828727,6
11.33682144,6
11.31725814,6
11.27295423,6
11.14780507,6
11.20216448,6
11.21611372,6
11.14539428,6
11.25779521,6
11.22613453,6
11.21105318,6
11.13800872,6
11.04514466,6
11.27448638,6
11.25045595,6
11.16903764,6
11.13192524,6
11.17705158,6
11.08869388,6
11.15778188,6
11.10736586,6
10.85573742,6
11.25486211,6
11.03121752,6
10.93929749,6
11.24704867,6
11.19570501,6
11.09961712,6
11.16873164,6
11.17283041,6
11.1544459,6
11.1606968,6
10.82472887,6
11.17454811,6
11.1230608,6
11.12277943,6
11.09787126,6
11.14368056,6
11.27621209,6
11.04768228,6
11.01967396,6
10.73557371,6
10.77362041,6
11.21036813,6
11.11387664,6
11.23249904,6
11.02057913,6
11.00280958,6
11.02255877,6
11.08314829,6
11.02008037,6
11.00682569,6
10.97159333,6
10.96767204,6
11.31773669,6
10.99718726,6
11.20006363,6
11.21147413,6
11.20915314,6
11.29780598,6
11.33933833,6
11.24486273,6
11.26661136,6
10.9967821,6
10.90415784,6
10.9715503,6
10.98899228,6
10.94631387,6
10.97154866,6
11.18347731,6
11.13608443,6
11.32546004,6
11.10890392,6
11.22584615,6
11.10732917,6
11.12556065,6
11.22768283,6
11.13986913,6
11.26441221,6
11.15825058,6
11.25287143,6
11.28241445,6
11.36597806,6
11.21916794,6
11.14789217,6
11.24692308,6
11.16666671,6
11.22047973,6
11.11827136,6
11.28829318,6
11.17287599,6
11.14504692,6
11.1060141,6
11.30660009,6
11.14878904,6
11.08581101,6
11.09121046,6
11.08325767,6
11.16890002,6
11.18073629,6
11.14967573,6
11.18855771,6
11.00358193,6
10.84641505,6
11.31694008,6
10.86571276,6
10.91311804,6
11.30987664,6
11.32012121,6
11.18813659,6
11.16029115,6
11.10747527,6
11.20414704,6
11.36736617,6
11.21758805,6
11.20044078,6
11.05021965,6
10.96110125,6
10.92597627,6
10.89004701,6
10.94798611,6
10.71212298,6
11.19083447,6
10.73553221,6
11.24996599,6
11.20880577,6
11.26182332,6
11.22902408,6
11.21042384,6
11.23865416,6
11.1487929,6
11.24306874,6
11.13900379,6
11.24730198,6
11.1231821,6
11.09636054,6
11.08390713,6
11.23804092,6
11.20704148,6
11.24378822,6
11.21677929,6
11.15402088,6
11.17269454,6
11.15182298,6
11.23116845,6
11.24691598,6
11.21390689,6
11.51509785,6
11.3118003,6
11.12844211,6
11.06525659,6
10.88429374,6
10.77879781,6
10.9840493,6
11.14438891,6
11.36053975,6
11.02582717,6
11.05263456,6
10.98123318,6
10.7266379,6
10.92156786,6
10.9796413,6
11.10038235,6
11.03930746,6
11.04886244,6
11.12593653,6
11.27722452,6
11.34321538,6
11.32039222,6
11.29800765,6
11.4281459,6
11.27746766,6
11.18792885,6
11.1593197,6
11.06182572,6
11.16641508,6
11.24373041,6
10.99416385,6
10.9118613,6
10.76631058,6
10.70097603,6
11.22141463,6
10.9201272,6
10.86507639,6
11.22786616,6
11.18251508,6
11.28153381,6
11.2170255,6
11.29752682,6
11.18885138,6
11.24461719,6
11.19243354,6
11.27151242,6
11.1571428,6
11.06370078,6
11.08813712,6
11.1718867,6
11.00647095,6
11.06197683,6
11.07460664,6
11.19277313,6
11.14078029,6
11.10202855,6
11.2988547,6
11.30933872,6
11.3671089,6
11.3026544,6
11.25745995,6
11.32522764,6
11.14151087,6
11.23691331,6
11.25135115,6
11.2341611,6
11.21681308,6
11.25089413,6
11.25651275,6
11.34569198,6
11.4530077,6
10.96525263,6
10.9843172,6
11.03356858,6
11.23291201,6
11.14619944,6
10.92498193,6
11.06713985,6
11.21831191,6
10.97619887,6
11.00589275,6
11.03917975,6
10.92948163,6
10.9598432,6
10.85062148,6
10.85549973,6
10.90496348,6
11.22606471,6
11.25237007,6
11.30912893,6
11.36383075,6
11.07543914,6
11.26819157,6
11.25167185,6
11.26374414,6
11.23880298,6
11.10855597,6
11.09176866,6
11.23751796,6
11.13861767,6
11.17309209,6
11.27673272,6
11.10340115,6
11.11008317,6
11.22290277,6
11.16344451,6
11.43029183,6
11.15251519,6
11.09186138,6
11.16757508,6
11.21372455,6
11.25975956,6
11.22008946,6
11.34286098,6
11.19081965,6
11.24930369,6
11.17522441,6
11.16342979,6
11.14395815,6
11.14825079,6
11.05241287,6
11.11011237,6
11.1631944,6
11.29814047,6
11.00754844,6
10.95507658,6
11.12135194,6
11.05492805,6
11.07278663,6
11.11620049,6
11.04565118,6
11.20754885,6
11.02377416,6
11.25839418,6
11.28695543,6
11.12201255,6
11.14147223,6
11.06573737,6
10.91987343,6
11.03351312,6
11.04757871,6
11.07431982,6
11.30830943,6
11.05850984,6
10.97349028,6
11.19137072,6
10.90999988,6
10.88814806,6
10.92281974,6
10.92086604,6
10.89172524,6
10.88467499,6
11.1278634,6
11.1044047,6
11.01942044,6
10.98175261,6
11.12158702,6
10.89230431,6
11.02802853,6
11.02006082,6
11.12475819,6
10.99885884,6
11.03660073,6
10.81694974,6
10.81050333,6
10.8268494,6
10.77931336,6
11.11902419,6
10.76677567,6
10.59654422,6
11.16168133,6
